method,k,traffic,ir,seed,avg_lat,net_lat,flit_lat,accepted_pkt_rate,accepted_flit_rate,status
XY,4,uniform,0.005,1337,38.873,38.1531,17.554,0.004797,0.096312,ok
XY,4,uniform,0.005,42,39.1571,38.3141,17.4451,0.004875,0.097891,ok
XY,4,uniform,0.005,314,37.4548,36.567,16.5611,0.005016,0.100734,ok
XY,4,uniform,0.005,2024,40.4739,39.7876,18.4953,0.004781,0.095922,ok
XY,4,uniform,0.01,42,43.5955,41.175,18.6582,0.009734,0.195391,ok
XY,4,uniform,0.005,17,39.5752,38.7222,18.0726,0.004781,0.095969,ok
XY,4,uniform,0.01,1337,43.7484,41.3742,19.1182,0.009562,0.19175,ok
XY,4,uniform,0.01,2024,43.5328,41.2754,18.9508,0.009531,0.191641,ok
XY,4,uniform,0.01,314,45.4016,42.1969,19.4161,0.009984,0.200641,ok
XY,4,uniform,0.01,17,43.9806,41.6866,19.0609,0.009672,0.193484,ok
XY,4,uniform,0.02,17,62.3622,52.9862,24.9653,0.019281,0.386891,ok
XY,4,uniform,0.02,2024,65.703,54.8865,25.6744,0.020078,0.403016,ok
XY,4,uniform,0.02,1337,62.4711,52.7803,24.7878,0.019187,0.384922,ok
XY,4,uniform,0.02,314,63.4013,53.1255,24.6755,0.019375,0.390875,ok
XY,4,uniform,0.02,42,60.8927,51.8084,24.2106,0.019734,0.396453,ok
XY,4,uniform,0.08,42,611.621,80.1726,41.0494,0.032594,0.659156,ok
XY,4,uniform,0.08,1337,612.128,81.2834,41.5474,0.032969,0.6675,ok
XY,4,uniform,0.04,42,385.846,80.3379,41.8,0.032188,0.646406,ok
XY,4,uniform,0.08,2024,600.585,82.0,43.0015,0.032094,0.648156,ok
XY,4,uniform,0.08,314,601.516,80.2248,41.5291,0.03225,0.651344,ok
XY,4,hotspot,0.005,42,481.792,369.863,292.587,0.003078,0.062203,ok
XY,4,hotspot,0.005,1337,331.825,286.103,222.023,0.003031,0.061969,ok
XY,4,hotspot,0.005,2024,419.143,346.388,274.35,0.003063,0.062156,ok
XY,4,uniform,0.04,2024,405.145,80.1431,41.5287,0.032422,0.653031,ok
XY,4,hotspot,0.005,314,366.887,326.845,261.561,0.003031,0.061969,ok
XY,4,uniform,0.04,17,395.403,79.9512,41.5586,0.031719,0.637938,ok
XY,4,hotspot,0.01,42,570.536,403.938,323.203,0.003031,0.061937,ok
XY,4,hotspot,0.01,1337,605.093,444.66,362.244,0.003031,0.062,ok
XY,4,uniform,0.08,17,598.178,79.82,41.1583,0.032813,0.664281,ok
XY,4,hotspot,0.01,2024,565.378,429.571,338.303,0.003063,0.062094,ok
XY,4,uniform,0.04,314,423.535,80.3127,41.4504,0.032031,0.644906,ok
XY,4,hotspot,0.005,17,489.497,376.594,297.986,0.003078,0.062203,ok
XY,4,hotspot,0.01,17,535.417,427.083,345.354,0.003,0.061906,ok
XY,4,uniform,0.04,1337,459.687,79.3281,41.7054,0.032703,0.658203,ok
XY,4,hotspot,0.02,42,788.449,455.653,364.792,0.003063,0.062,ok
XY,4,hotspot,0.01,314,608.224,424.5,338.449,0.003063,0.062,ok
XY,4,hotspot,0.02,1337,797.602,465.929,385.258,0.003063,0.06225,ok
XY,4,hotspot,0.02,314,755.392,441.67,345.357,0.003031,0.062,ok
XY,4,hotspot,0.02,17,734.939,459.48,361.937,0.003063,0.061906,ok
XY,4,hotspot,0.04,42,877.773,481.732,382.814,0.003031,0.062,ok
XY,4,hotspot,0.04,1337,916.867,463.724,369.973,0.003063,0.062281,ok
XY,4,hotspot,0.02,2024,759.959,467.551,370.195,0.003063,0.062062,ok
XY,4,hotspot,0.04,314,851.062,485.186,387.373,0.003031,0.061906,ok
XY,4,hotspot,0.08,1337,952.258,478.67,377.125,0.003031,0.062312,ok
XY,4,hotspot,0.08,42,961.814,469.928,370.596,0.003031,0.062125,ok
XY,4,hotspot,0.04,17,888.763,492.557,390.893,0.003031,0.062,ok
XY,4,hotspot,0.04,2024,895.887,483.969,379.459,0.003031,0.062062,ok
XY,4,hotspot,0.08,2024,954.857,492.582,392.656,0.003063,0.06225,ok
XY,4,hotspot,0.08,314,951.557,487.835,388.51,0.003031,0.06225,ok
XY,4,hotspot,0.08,17,943.577,495.309,394.729,0.003031,0.062312,ok
XY,4,transpose,0.005,42,37.7061,36.6102,16.5791,0.004891,0.098078,ok
XY,4,transpose,0.005,2024,38.219,37.3529,16.6046,0.004781,0.095906,ok
XY,4,transpose,0.005,1337,38.8464,38.0065,17.5314,0.004781,0.096312,ok
XY,4,transpose,0.005,314,37.4119,36.3679,16.7384,0.004969,0.100453,ok
XY,4,transpose,0.005,17,37.7908,36.9412,16.5418,0.004781,0.096016,ok
XY,4,transpose,0.01,42,48.0403,45.6731,21.0559,0.009703,0.195125,ok
XY,4,transpose,0.01,1337,42.9902,40.7162,18.3432,0.009578,0.191812,ok
XY,4,transpose,0.01,2024,45.3934,42.6492,19.4939,0.0095,0.191391,ok
XY,4,transpose,0.01,314,43.0062,40.324,18.4567,0.010016,0.201031,ok
XY,4,transpose,0.01,17,43.7909,41.3241,18.7992,0.009641,0.193344,ok
XY,4,transpose,0.02,42,233.111,68.3051,32.5106,0.018328,0.368328,ok
XY,4,transpose,0.02,1337,272.645,70.0178,34.476,0.017719,0.356703,ok
XY,4,transpose,0.02,314,199.866,70.1989,34.5188,0.018547,0.372641,ok
XY,4,transpose,0.02,2024,262.592,73.4367,35.3012,0.018672,0.374531,ok
XY,4,transpose,0.02,17,189.845,68.898,33.3762,0.017937,0.360766,ok
XY,4,transpose,0.04,42,456.755,65.3962,31.478,0.027016,0.542859,ok
XY,4,transpose,0.04,2024,449.506,66.0854,31.8663,0.027094,0.544844,ok
XY,4,transpose,0.04,1337,448.712,66.5127,32.1461,0.027031,0.543937,ok
XY,4,transpose,0.08,42,539.716,61.7318,29.3075,0.030531,0.615563,ok
XY,4,transpose,0.08,1337,525.333,61.302,29.1984,0.030625,0.61775,ok
XY,4,transpose,0.08,2024,517.685,61.3385,29.0592,0.030469,0.614781,ok
XY,4,transpose,0.08,17,528.784,60.8069,28.7494,0.030594,0.617469,ok
XY,4,transpose,0.08,314,521.678,61.1945,28.9214,0.030687,0.618375,ok
XY,4,transpose,0.04,314,498.506,66.5626,32.196,0.026469,0.532625,ok
XY,4,transpose,0.04,17,428.791,65.8585,31.8035,0.027391,0.550484,ok
XY,8,uniform,0.005,42,54.7713,53.6918,30.7641,0.004816,0.096867,ok
XY,8,uniform,0.005,1337,54.1059,52.7554,30.0441,0.004867,0.097578,ok
XY,8,uniform,0.005,314,53.8735,52.7723,29.9421,0.004941,0.099,ok
XY,8,uniform,0.005,17,53.4097,52.1457,29.7411,0.004691,0.094187,ok
XY,8,uniform,0.005,2024,54.7536,53.5557,30.3649,0.004832,0.097121,ok
XY,8,uniform,0.01,1337,69.29,65.6674,36.5221,0.00952,0.190973,ok
XY,8,uniform,0.01,42,69.6488,66.0274,36.8537,0.009832,0.197426,ok
XY,8,uniform,0.01,2024,69.8505,66.2297,36.892,0.009871,0.198434,ok
XY,8,uniform,0.01,17,68.515,65.237,36.2897,0.00952,0.191539,ok
XY,8,uniform,0.01,314,69.896,65.9941,36.8192,0.009867,0.19827,ok
XY,8,uniform,0.04,42,529.32,147.021,98.4041,0.019062,0.387414,ok
XY,8,uniform,0.04,1337,510.607,142.597,94.1469,0.018844,0.383266,ok
XY,8,uniform,0.04,2024,509.796,144.85,96.7139,0.019875,0.404055,ok
XY,8,uniform,0.02,1337,210.337,117.406,78.5358,0.018059,0.36368,ok
XY,8,uniform,0.04,314,514.809,143.572,95.262,0.019242,0.38993,ok
XY,8,uniform,0.02,42,240.428,124.732,83.6179,0.018449,0.371074,ok
XY,8,uniform,0.08,42,781.352,154.526,105.987,0.018805,0.381273,ok
XY,8,uniform,0.04,17,509.943,145.174,96.8246,0.019062,0.386367,ok
XY,8,uniform,0.02,2024,304.83,130.245,86.6309,0.018316,0.369762,ok
XY,8,hotspot,0.005,42,529.327,460.092,369.488,0.000766,0.015531,ok
XY,8,hotspot,0.005,1337,597.299,542.258,447.156,0.000758,0.015461,ok
XY,8,uniform,0.02,17,220.563,120.244,78.1058,0.01843,0.371355,ok
XY,8,hotspot,0.005,2024,624.649,536.381,442.613,0.000758,0.015453,ok
XY,8,hotspot,0.005,17,509.794,448.021,369.248,0.000758,0.015445,ok
XY,8,hotspot,0.005,314,557.753,505.495,428.134,0.000758,0.0155,ok
XY,8,hotspot,0.01,42,675.806,562.075,468.615,0.000727,0.01507,ok
XY,8,uniform,0.02,314,210.682,118.886,82.0991,0.018441,0.371387,ok
XY,8,uniform,0.08,1337,747.952,145.23,96.4027,0.019656,0.400016,ok
XY,8,hotspot,0.01,2024,724.948,574.495,474.098,0.000758,0.015437,ok
XY,8,uniform,0.08,2024,764.002,150.386,100.619,0.019367,0.394828,ok
XY,8,hotspot,0.01,1337,735.714,577.643,479.367,0.000766,0.015508,ok
XY,8,uniform,0.08,17,740.271,145.674,97.3754,0.019602,0.398422,ok
XY,8,uniform,0.08,314,746.156,149.141,100.497,0.018766,0.38007,ok
XY,8,hotspot,0.01,314,708.113,550.948,445.73,0.000758,0.015445,ok
XY,8,hotspot,0.01,17,723.258,598.66,491.432,0.000758,0.015469,ok
XY,8,hotspot,0.02,42,903.907,668.351,559.334,0.000758,0.015305,ok
XY,8,hotspot,0.02,2024,873.184,609.306,511.534,0.000766,0.015516,ok
XY,8,hotspot,0.02,1337,856.908,605.296,507.675,0.000766,0.015578,ok
XY,8,hotspot,0.02,314,818.577,546.619,471.939,0.000758,0.015492,ok
XY,8,hotspot,0.02,17,825.598,573.289,466.642,0.000758,0.015445,ok
XY,8,hotspot,0.04,42,924.573,582.198,510.29,0.00075,0.015531,ok
XY,8,hotspot,0.04,1337,931.959,588.908,497.063,0.000766,0.015578,ok
XY,8,hotspot,0.04,2024,944.887,624.99,551.59,0.000758,0.015516,ok
XY,8,hotspot,0.04,314,921.602,608.969,497.896,0.000766,0.015555,ok
XY,8,hotspot,0.04,17,934.918,595.755,497.452,0.000766,0.015453,ok
XY,8,hotspot,0.08,2024,975.316,607.857,500.715,0.000766,0.015531,ok
XY,8,hotspot,0.08,314,993.908,626.163,522.62,0.000766,0.015523,ok
XY,8,hotspot,0.08,1337,968.147,611.137,518.734,0.000742,0.01525,ok
XY,8,hotspot,0.08,17,965.948,654.443,554.507,0.000758,0.015578,ok
XY,8,hotspot,0.08,42,983.327,538.459,448.186,0.000766,0.015531,ok
XY,8,transpose,0.005,42,59.2799,57.9223,32.6687,0.004828,0.096859,ok
XY,8,transpose,0.005,1337,58.4207,57.0401,32.1089,0.004871,0.097629,ok
XY,8,transpose,0.005,314,61.8088,60.2948,34.2851,0.004902,0.09868,ok
XY,8,transpose,0.005,17,60.2692,58.5142,32.8777,0.004687,0.094203,ok
XY,8,transpose,0.005,2024,62.5816,61.1066,34.6384,0.004836,0.097258,ok
XY,8,transpose,0.02,42,311.682,141.227,91.3404,0.011633,0.236039,ok
XY,8,transpose,0.02,1337,291.384,137.795,88.8404,0.011453,0.232289,ok
XY,8,transpose,0.02,2024,302.659,136.535,87.0818,0.012086,0.245125,ok
XY,8,transpose,0.02,314,300.535,139.551,89.4734,0.011703,0.237133,ok
XY,8,transpose,0.01,2024,220.242,132.44,86.4021,0.008824,0.177773,ok
XY,8,transpose,0.01,314,215.026,130.312,85.1544,0.008816,0.177508,ok
XY,8,transpose,0.02,17,284.93,136.095,86.7897,0.011867,0.241602,ok
XY,8,transpose,0.01,42,222.097,131.892,86.0083,0.008832,0.177715,ok
XY,8,transpose,0.04,42,429.492,124.564,78.2627,0.014961,0.303461,ok
XY,8,transpose,0.01,17,241.558,134.353,88.0372,0.00859,0.172641,ok
XY,8,transpose,0.01,1337,185.093,124.468,80.7193,0.008695,0.175172,ok
XY,8,transpose,0.04,1337,417.303,125.257,78.6502,0.014969,0.302938,ok
XY,8,transpose,0.04,2024,422.251,122.972,77.0045,0.015164,0.307227,ok
XY,8,transpose,0.04,17,417.302,123.857,77.8905,0.015039,0.304859,ok
XY,8,transpose,0.04,314,430.132,125.044,78.5021,0.015008,0.303742,ok
XY,8,transpose,0.08,42,644.326,116.289,72.0692,0.016773,0.338602,ok
XY,8,transpose,0.08,1337,622.487,115.686,71.8383,0.016758,0.339336,ok
XY,8,transpose,0.08,2024,631.945,115.37,71.6792,0.01675,0.338875,ok
XY,8,transpose,0.08,314,643.374,116.025,71.799,0.01675,0.339055,ok
XY,8,transpose,0.08,17,622.475,115.718,72.3111,0.016727,0.338938,ok
XY,16,uniform,0.005,1337,89.6936,88.2685,58.5889,0.004862,0.097795,ok
XY,16,uniform,0.005,2024,89.0508,87.6281,58.4015,0.004787,0.09625,ok
XY,16,uniform,0.005,42,90.4608,89.0269,59.0744,0.00487,0.097953,ok
XY,16,uniform,0.005,314,89.3168,87.9579,58.1776,0.004874,0.09795,ok
XY,16,uniform,0.005,17,90.6275,89.1542,59.266,0.00485,0.09751,ok
XY,16,uniform,0.02,2024,490.88,256.079,195.91,0.009443,0.191682,ok
XY,16,uniform,0.02,42,495.266,264.703,204.235,0.009588,0.195035,ok
XY,16,uniform,0.02,1337,477.966,255.662,196.059,0.009775,0.198531,ok
XY,16,uniform,0.01,2024,217.243,176.029,139.526,0.009244,0.186531,ok
XY,16,uniform,0.02,314,473.188,255.996,196.883,0.009428,0.191904,ok
XY,16,uniform,0.02,17,474.877,252.897,193.353,0.009437,0.191533,ok
XY,16,uniform,0.04,42,761.498,274.991,212.614,0.009615,0.194951,ok
XY,16,uniform,0.01,1337,209.415,179.136,145.192,0.009207,0.185604,ok
XY,16,uniform,0.01,17,207.909,175.751,141.935,0.00932,0.187799,ok
XY,16,uniform,0.01,314,208.34,178.65,139.946,0.009363,0.188666,ok
XY,16,uniform,0.04,2024,733.248,276.022,213.682,0.009498,0.192795,ok
XY,16,uniform,0.04,1337,723.885,274.042,211.985,0.009725,0.197596,ok
XY,16,uniform,0.04,314,728.816,273.288,211.102,0.009686,0.196641,ok
XY,16,uniform,0.04,17,748.012,276.57,213.244,0.009494,0.192809,ok
XY,16,hotspot,0.005,42,721.469,647.235,562.322,0.000191,0.003887,ok
XY,16,hotspot,0.005,1337,666.344,599.366,496.422,0.000182,0.003771,ok
XY,16,uniform,0.08,42,881.185,270.312,207.824,0.009844,0.199687,ok
XY,16,hotspot,0.005,2024,726.32,611.897,513.245,0.000189,0.003859,ok
XY,16,hotspot,0.005,314,682.541,640.918,550.797,0.000191,0.003873,ok
XY,16,uniform,0.01,42,220.13,181.691,134.163,0.009076,0.183076,ok
XY,16,hotspot,0.005,17,617.546,526.588,460.457,0.000189,0.003852,ok
XY,16,uniform,0.08,1337,872.816,280.892,218.369,0.009551,0.193783,ok
XY,16,uniform,0.08,2024,864.152,270.761,208.143,0.009393,0.190855,ok
XY,16,hotspot,0.01,2024,807.582,621.255,522.698,0.000191,0.003875,ok
XY,16,hotspot,0.01,314,805.289,668.062,564.047,0.000189,0.003861,ok
XY,16,hotspot,0.01,42,794.103,643.557,561.965,0.000189,0.003887,ok
XY,16,hotspot,0.01,1337,800.887,649.124,522.371,0.000189,0.003865,ok
XY,16,hotspot,0.01,17,750.66,646.619,556.549,0.000189,0.003885,ok
XY,16,hotspot,0.02,42,940.687,691.788,586.596,0.000193,0.003887,ok
XY,16,hotspot,0.02,17,889.031,666.143,561.96,0.000191,0.003893,ok
XY,16,hotspot,0.02,314,930.388,640.367,535.461,0.000191,0.003873,ok
XY,16,hotspot,0.02,2024,905.449,687.347,583.679,0.000191,0.003877,ok
XY,16,hotspot,0.02,1337,859.449,633.429,527.783,0.000191,0.003871,ok
XY,16,hotspot,0.04,42,962.112,686.561,572.723,0.000191,0.003889,ok
XY,16,hotspot,0.04,1337,937.26,663.312,546.22,0.000188,0.003869,ok
XY,16,uniform,0.08,17,870.246,277.114,214.718,0.009418,0.191486,ok
XY,16,hotspot,0.04,17,923.825,670.113,585.695,0.000189,0.003891,ok
XY,16,hotspot,0.04,314,939.406,654.208,570.769,0.000188,0.003879,ok
XY,16,hotspot,0.04,2024,918.409,643.559,537.791,0.000182,0.003779,ok
XY,16,uniform,0.08,314,866.14,275.899,213.727,0.009709,0.196908,ok
XY,16,hotspot,0.08,42,997.392,690.784,576.876,0.000189,0.003791,ok
XY,16,hotspot,0.08,1337,989.561,701.694,585.366,0.000191,0.003881,ok
XY,16,hotspot,0.08,314,962.063,654.042,563.094,0.000186,0.003783,ok
XY,16,hotspot,0.08,2024,992.49,709.949,591.125,0.000191,0.003881,ok
XY,16,hotspot,0.08,17,977.753,667.072,581.536,0.000189,0.003895,ok
XY,16,transpose,0.01,1337,278.165,206.419,149.629,0.005436,0.110445,ok
XY,16,transpose,0.01,42,291.08,215.555,156.893,0.005357,0.108852,ok
XY,16,transpose,0.005,42,223.632,191.603,142.039,0.004281,0.086167,ok
XY,16,transpose,0.01,2024,286.993,208.31,151.093,0.00541,0.110123,ok
XY,16,transpose,0.005,1337,242.176,202.874,152.288,0.00423,0.085201,ok
XY,16,transpose,0.005,2024,227.884,199.684,149.567,0.00427,0.086006,ok
XY,16,transpose,0.005,314,263.718,213.081,161.144,0.004304,0.086676,ok
XY,16,transpose,0.005,17,240.217,206.277,155.591,0.004315,0.086906,ok
XY,16,transpose,0.01,314,277.686,206.497,148.12,0.005564,0.113029,ok
XY,16,transpose,0.01,17,289.539,212.724,154.363,0.005389,0.109408,ok
XY,16,transpose,0.02,42,419.086,204.754,144.116,0.006637,0.134582,ok
XY,16,transpose,0.02,2024,430.994,208.294,147.383,0.006543,0.133057,ok
XY,16,transpose,0.02,1337,405.522,202.931,142.886,0.006582,0.133795,ok
XY,16,transpose,0.02,17,412.513,206.055,146.255,0.006512,0.132277,ok
XY,16,transpose,0.02,314,402.186,206.716,146.233,0.006551,0.133326,ok
XY,16,transpose,0.04,42,507.644,178.932,123.461,0.008123,0.164627,ok
XY,16,transpose,0.04,1337,516.152,183.573,127.431,0.00791,0.160408,ok
XY,16,transpose,0.04,2024,516.68,182.059,126.537,0.008025,0.162461,ok
OddEven,4,uniform,0.005,42,39.1725,38.2077,17.4852,0.004891,0.097953,ok
XY,16,transpose,0.04,17,509.258,179.756,123.911,0.008039,0.163033,ok
XY,16,transpose,0.04,314,513.221,179.846,126.223,0.007945,0.161205,ok
OddEven,4,uniform,0.005,1337,39.9251,39.1629,17.8584,0.004797,0.096312,ok
OddEven,4,uniform,0.005,2024,40.7876,40.1307,18.645,0.004781,0.095922,ok
OddEven,4,uniform,0.005,314,38.4299,37.3894,16.8219,0.005016,0.100734,ok
OddEven,4,uniform,0.005,17,39.1046,38.1961,17.6936,0.004781,0.095969,ok
OddEven,4,uniform,0.01,42,43.9358,41.7608,18.9922,0.009734,0.195391,ok
OddEven,4,uniform,0.01,1337,47.2141,44.0082,20.2319,0.009562,0.191609,ok
OddEven,4,uniform,0.01,2024,44.6863,42.1324,19.3759,0.009562,0.191969,ok
XY,16,transpose,0.08,42,692.129,168.142,116.677,0.008738,0.17732,ok
OddEven,4,uniform,0.01,314,45.2437,42.5234,19.5611,0.01,0.200813,ok
OddEven,4,uniform,0.01,17,44.7884,42.6462,19.7482,0.009641,0.193328,ok
OddEven,4,uniform,0.02,42,73.4562,57.9416,27.2668,0.019703,0.395641,ok
XY,16,transpose,0.08,2024,685.434,168.871,116.719,0.008754,0.177205,ok
OddEven,4,uniform,0.02,1337,65.7726,55.6023,25.8665,0.019156,0.384281,ok
XY,16,transpose,0.08,1337,682.667,169.095,116.487,0.008752,0.177193,ok
OddEven,4,uniform,0.02,2024,70.2467,57.6428,27.0368,0.020031,0.402547,ok
OddEven,4,uniform,0.02,314,68.417,56.6103,26.5408,0.019422,0.391047,ok
OddEven,4,uniform,0.02,17,69.3014,57.6076,27.4726,0.019187,0.385766,ok
OddEven,4,uniform,0.04,42,535.915,82.7061,43.2834,0.029031,0.584359,ok
OddEven,4,uniform,0.04,1337,457.606,81.3923,41.7056,0.02975,0.598469,ok
XY,16,transpose,0.08,314,680.012,168.898,117.169,0.008734,0.177252,ok
OddEven,4,uniform,0.04,314,569.306,85.677,45.3908,0.02825,0.568031,ok
OddEven,4,uniform,0.08,42,621.188,83.4162,43.3558,0.028531,0.577187,ok
OddEven,4,uniform,0.04,17,487.675,82.409,42.8277,0.029109,0.586297,ok
OddEven,4,uniform,0.04,2024,526.269,84.0642,43.8679,0.029687,0.597359,ok
OddEven,4,hotspot,0.005,1337,311.908,256.663,189.245,0.003063,0.062,ok
OddEven,4,uniform,0.08,1337,618.14,84.7873,43.8501,0.0285,0.579187,ok
OddEven,4,hotspot,0.005,42,494.223,361.365,284.568,0.003078,0.062187,ok
OddEven,4,hotspot,0.005,2024,400.949,316.827,242.265,0.003063,0.062156,ok
OddEven,4,hotspot,0.005,314,306.629,273.99,209.586,0.003031,0.061969,ok
OddEven,4,uniform,0.08,2024,621.521,86.5201,45.52,0.028719,0.583156,ok
OddEven,4,uniform,0.08,314,640.918,83.1711,43.1046,0.029594,0.598875,ok
OddEven,4,uniform,0.08,17,640.687,84.9662,44.5875,0.028688,0.581281,ok
OddEven,4,hotspot,0.01,42,576.878,402.184,316.984,0.003063,0.061937,ok
OddEven,4,hotspot,0.01,1337,524.041,372.235,295.978,0.003063,0.062,ok
OddEven,4,hotspot,0.01,2024,553.423,375.186,289.027,0.003031,0.062156,ok
OddEven,4,hotspot,0.005,17,437.179,342.638,266.788,0.003063,0.062203,ok
OddEven,4,hotspot,0.01,17,518.98,349.612,267.78,0.003063,0.061906,ok
OddEven,4,hotspot,0.01,314,564.0,378.052,291.353,0.003031,0.062,ok
OddEven,4,hotspot,0.02,2024,726.433,406.412,327.139,0.003031,0.062062,ok
OddEven,4,hotspot,0.02,42,729.309,392.031,303.397,0.003031,0.062,ok
OddEven,4,hotspot,0.02,1337,766.98,420.357,330.001,0.003063,0.06225,ok
OddEven,4,hotspot,0.02,314,783.876,447.485,356.54,0.003031,0.062,ok
OddEven,4,hotspot,0.02,17,682.02,412.776,335.582,0.003063,0.061906,ok
OddEven,4,hotspot,0.04,2024,873.062,449.619,360.98,0.003031,0.062062,ok
OddEven,4,hotspot,0.04,314,868.361,446.938,365.664,0.003031,0.061781,ok
OddEven,4,hotspot,0.04,1337,904.969,432.592,337.754,0.003063,0.062312,ok
OddEven,4,hotspot,0.04,42,823.557,408.979,335.229,0.003031,0.061906,ok
OddEven,4,hotspot,0.04,17,880.102,458.959,359.238,0.003063,0.062,ok
OddEven,4,hotspot,0.08,42,944.612,441.867,349.779,0.003063,0.062125,ok
OddEven,4,hotspot,0.08,314,921.464,455.629,365.114,0.003031,0.06225,ok
OddEven,4,hotspot,0.08,1337,945.66,451.227,357.707,0.003031,0.062312,ok
OddEven,4,hotspot,0.08,2024,938.612,426.939,340.177,0.003063,0.06225,ok
OddEven,4,hotspot,0.08,17,959.327,463.714,370.536,0.003063,0.062312,ok
OddEven,4,transpose,0.005,42,42.3227,41.0831,18.7553,0.004891,0.098078,ok
OddEven,4,transpose,0.005,1337,40.9052,40.3105,18.5277,0.004781,0.096172,ok
OddEven,4,transpose,0.005,2024,39.6111,38.8431,17.4932,0.004781,0.095781,ok
OddEven,4,transpose,0.005,314,39.3925,38.3396,17.257,0.005016,0.100953,ok
OddEven,4,transpose,0.005,17,39.585,38.6275,17.4091,0.004781,0.096016,ok
OddEven,4,transpose,0.01,42,91.4428,70.0692,36.3726,0.009687,0.194391,ok
OddEven,4,transpose,0.01,1337,64.9574,57.2209,27.8711,0.009547,0.191375,ok
OddEven,4,transpose,0.01,2024,55.9819,50.6036,24.1231,0.009484,0.190984,ok
OddEven,4,transpose,0.01,17,58.7537,54.4454,26.2155,0.009562,0.192438,ok
OddEven,4,transpose,0.01,314,61.125,55.9842,28.0528,0.009859,0.198703,ok
OddEven,4,transpose,0.02,1337,289.224,90.2749,52.2411,0.015516,0.311828,ok
OddEven,4,transpose,0.04,42,262.962,72.5774,40.5092,0.022406,0.451844,ok
OddEven,4,transpose,0.02,2024,334.893,94.1897,55.8376,0.015813,0.31875,ok
OddEven,4,transpose,0.02,42,300.26,91.4548,54.0881,0.015734,0.317016,ok
OddEven,4,transpose,0.04,1337,276.822,76.6686,43.8924,0.021969,0.443531,ok
OddEven,4,transpose,0.02,17,314.514,92.0062,53.9277,0.015047,0.302453,ok
OddEven,4,transpose,0.02,314,311.125,90.829,52.7122,0.015719,0.315969,ok
OddEven,4,transpose,0.04,2024,269.221,72.4587,40.6307,0.023438,0.471938,ok
OddEven,4,transpose,0.04,17,272.723,76.5209,43.5583,0.021656,0.436844,ok
OddEven,4,transpose,0.08,42,531.781,68.0058,37.52,0.026781,0.540344,ok
OddEven,4,transpose,0.08,1337,508.312,67.4209,36.9685,0.026875,0.541875,ok
OddEven,4,transpose,0.04,314,275.248,73.9697,42.0916,0.022719,0.459688,ok
OddEven,4,transpose,0.08,2024,501.935,67.3744,37.396,0.026625,0.537438,ok
OddEven,4,transpose,0.08,314,507.651,68.084,37.4354,0.026781,0.540188,ok
OddEven,4,transpose,0.08,17,524.299,67.7587,37.4873,0.026937,0.542375,ok
XY,16,transpose,0.08,17,672.784,169.139,116.602,0.008754,0.177568,ok
OddEven,8,uniform,0.005,1337,55.7183,54.5064,30.826,0.004863,0.097629,ok
OddEven,8,uniform,0.005,42,59.658,58.2846,33.171,0.004832,0.097164,ok
OddEven,8,uniform,0.005,314,57.7143,56.4025,31.8705,0.004945,0.099008,ok
OddEven,8,uniform,0.005,2024,56.096,55.0589,30.8521,0.00484,0.097203,ok
OddEven,8,uniform,0.005,17,55.9252,54.6625,30.883,0.004695,0.09423,ok
OddEven,8,uniform,0.01,1337,76.7104,71.768,40.068,0.009473,0.190605,ok
OddEven,8,uniform,0.01,42,84.4063,77.7139,44.162,0.009797,0.196949,ok
OddEven,8,uniform,0.01,2024,77.2449,72.2171,40.6339,0.00984,0.198035,ok
OddEven,8,uniform,0.01,17,78.415,72.7812,40.7361,0.0095,0.191105,ok
OddEven,8,uniform,0.01,314,79.5334,74.2423,41.747,0.009832,0.197738,ok
OddEven,8,uniform,0.02,42,466.095,144.505,96.024,0.014695,0.296176,ok
OddEven,8,uniform,0.04,42,564.979,148.798,99.4938,0.014898,0.301508,ok
OddEven,8,uniform,0.02,2024,478.476,144.283,95.3982,0.014578,0.293418,ok
OddEven,8,uniform,0.04,2024,579.129,147.327,97.903,0.015117,0.306352,ok
OddEven,8,uniform,0.04,1337,571.853,152.436,102.615,0.014266,0.290336,ok
OddEven,8,uniform,0.02,1337,480.684,148.416,99.0844,0.014148,0.284703,ok
OddEven,8,uniform,0.04,314,604.445,151.001,102.206,0.014242,0.289266,ok
OddEven,8,uniform,0.02,314,420.92,142.779,94.1861,0.014715,0.296645,ok
OddEven,8,uniform,0.02,17,388.48,139.118,91.4093,0.014937,0.301422,ok
OddEven,8,hotspot,0.005,42,642.357,547.694,457.379,0.000766,0.015531,ok
OddEven,8,uniform,0.04,17,602.202,149.353,99.3937,0.014812,0.300617,ok
OddEven,8,uniform,0.08,1337,775.174,153.63,103.838,0.01443,0.293578,ok
OddEven,8,hotspot,0.005,1337,542.546,501.856,421.513,0.000758,0.015453,ok
OddEven,8,uniform,0.08,42,819.399,155.388,105.228,0.014219,0.288164,ok
OddEven,8,uniform,0.08,314,765.771,151.244,101.857,0.01475,0.298891,ok
OddEven,8,hotspot,0.005,2024,594.753,525.278,435.126,0.000758,0.015453,ok
OddEven,8,hotspot,0.005,314,610.959,515.398,421.514,0.000766,0.0155,ok
OddEven,8,hotspot,0.005,17,604.979,516.206,427.407,0.000758,0.015445,ok
OddEven,8,uniform,0.08,2024,766.375,145.009,96.2362,0.015625,0.316594,ok
OddEven,8,hotspot,0.01,42,695.541,534.296,440.804,0.000766,0.015531,ok
OddEven,8,hotspot,0.01,1337,658.546,549.443,454.387,0.000758,0.015508,ok
OddEven,8,hotspot,0.01,17,727.163,540.888,442.954,0.000766,0.015469,ok
OddEven,8,hotspot,0.01,314,772.214,566.867,457.718,0.000766,0.015461,ok
OddEven,8,hotspot,0.01,2024,693.134,550.526,450.947,0.000758,0.015445,ok
OddEven,8,hotspot,0.02,42,838.948,553.876,468.18,0.000758,0.015531,ok
OddEven,8,hotspot,0.02,1337,855.66,566.711,466.324,0.000758,0.015578,ok
OddEven,8,hotspot,0.02,2024,863.216,532.948,450.053,0.000758,0.015516,ok
OddEven,8,hotspot,0.02,314,831.206,529.701,433.219,0.000758,0.01543,ok
OddEven,8,hotspot,0.04,42,914.979,608.333,497.17,0.00075,0.015531,ok
OddEven,8,uniform,0.08,17,774.426,149.17,100.093,0.015133,0.306398,ok
OddEven,8,hotspot,0.02,17,821.773,567.01,449.888,0.000758,0.015445,ok
OddEven,8,hotspot,0.04,1337,926.979,579.66,484.042,0.000758,0.01557,ok
OddEven,8,hotspot,0.04,314,929.367,568.071,468.826,0.000766,0.015555,ok
OddEven,8,hotspot,0.04,2024,926.144,654.773,538.592,0.000758,0.015516,ok
OddEven,8,hotspot,0.04,17,938.378,560.582,463.462,0.000766,0.015445,ok
OddEven,8,hotspot,0.08,42,969.745,635.561,533.838,0.000766,0.015531,ok
OddEven,8,hotspot,0.08,17,961.392,584.897,487.975,0.000758,0.015578,ok
OddEven,8,hotspot,0.08,314,983.235,625.827,535.577,0.000766,0.015523,ok
OddEven,8,hotspot,0.08,1337,967.316,586.095,486.083,0.000742,0.01525,ok
OddEven,8,hotspot,0.08,2024,976.546,594.948,505.984,0.000758,0.015531,ok
OddEven,8,transpose,0.01,1337,188.89,143.364,96.8359,0.006547,0.13275,ok
OddEven,8,transpose,0.01,2024,197.586,141.133,95.7075,0.006656,0.135031,ok
OddEven,8,transpose,0.01,42,196.987,136.277,91.795,0.006859,0.139313,ok
OddEven,8,transpose,0.005,1337,180.159,135.593,94.4709,0.004484,0.090324,ok
OddEven,8,transpose,0.005,2024,168.225,134.681,91.3859,0.004492,0.090242,ok
OddEven,8,transpose,0.01,17,194.41,141.252,95.5162,0.006531,0.132109,ok
OddEven,8,transpose,0.01,314,221.13,151.547,102.274,0.006555,0.132555,ok
OddEven,8,transpose,0.005,17,175.41,140.319,97.0506,0.004402,0.088481,ok
OddEven,8,transpose,0.005,314,157.707,128.981,88.0596,0.004594,0.092379,ok
OddEven,8,transpose,0.02,42,280.714,137.181,92.326,0.009266,0.187875,ok
OddEven,8,transpose,0.005,42,187.054,124.124,94.9742,0.004594,0.092383,ok
OddEven,8,transpose,0.02,1337,277.299,141.11,93.1903,0.009078,0.183703,ok
OddEven,8,transpose,0.02,2024,286.005,138.116,91.8511,0.009164,0.185039,ok
OddEven,8,transpose,0.02,314,301.777,141.037,95.0994,0.008898,0.180641,ok
OddEven,8,transpose,0.02,17,283.517,138.785,92.5873,0.009023,0.182883,ok
OddEven,8,transpose,0.04,1337,362.729,116.951,76.1287,0.012547,0.253594,ok
OddEven,8,transpose,0.04,42,366.942,115.69,76.5348,0.012531,0.254133,ok
OddEven,8,transpose,0.04,314,368.035,117.148,77.5564,0.01243,0.251398,ok
OddEven,8,transpose,0.04,2024,390.222,119.442,78.3183,0.012227,0.247602,ok
OddEven,8,transpose,0.04,17,368.552,119.539,79.3085,0.012586,0.254352,ok
OddEven,8,transpose,0.08,42,598.884,107.958,70.713,0.014031,0.28393,ok
OddEven,8,transpose,0.08,1337,579.17,105.63,68.2618,0.014172,0.286148,ok
OddEven,8,transpose,0.08,2024,581.099,107.538,69.4735,0.01418,0.28682,ok
OddEven,8,transpose,0.08,17,586.624,108.318,70.3591,0.014219,0.287062,ok
OddEven,8,transpose,0.08,314,590.321,108.835,70.0329,0.014203,0.286523,ok
OddEven,16,uniform,0.005,2024,100.053,98.1503,64.6264,0.004785,0.096302,ok
OddEven,16,uniform,0.005,1337,106.799,103.981,70.0686,0.004845,0.097409,ok
OddEven,16,uniform,0.005,42,107.531,103.817,70.5692,0.004847,0.097425,ok
OddEven,16,uniform,0.005,17,104.212,101.656,68.1854,0.00483,0.097163,ok
OddEven,16,uniform,0.005,314,107.343,103.943,70.5543,0.004861,0.097687,ok
OddEven,16,uniform,0.01,17,222.82,180.567,132.127,0.006689,0.135709,ok
OddEven,16,uniform,0.01,1337,339.974,217.067,164.109,0.006964,0.140134,ok
OddEven,16,uniform,0.01,2024,351.151,223.439,169.935,0.007067,0.142138,ok
OddEven,16,uniform,0.02,42,439.774,216.645,163.445,0.006838,0.138363,ok
OddEven,16,uniform,0.01,42,351.15,221.555,166.948,0.007045,0.141872,ok
OddEven,16,uniform,0.02,1337,443.221,220.196,166.99,0.006658,0.134584,ok
OddEven,16,uniform,0.02,2024,462.207,224.124,168.953,0.006723,0.135713,ok
OddEven,16,uniform,0.02,314,424.081,227.714,173.501,0.006545,0.132285,ok
OddEven,16,uniform,0.01,314,360.109,222.192,168.726,0.006924,0.13929,ok
OddEven,16,uniform,0.02,17,427.903,223.564,168.759,0.006395,0.129209,ok
OddEven,16,uniform,0.04,1337,638.112,230.783,176.326,0.006012,0.121777,ok
OddEven,16,uniform,0.04,2024,681.52,237.948,182.482,0.006533,0.132301,ok
OddEven,16,uniform,0.04,42,669.409,238.159,183.482,0.006391,0.129258,ok
OddEven,16,uniform,0.04,314,636.244,235.7,179.942,0.006273,0.126387,ok
OddEven,16,uniform,0.04,17,633.365,220.762,167.662,0.006449,0.130135,ok
OddEven,16,hotspot,0.005,42,708.959,629.867,545.808,0.000191,0.003887,ok
OddEven,16,hotspot,0.005,1337,749.598,668.495,576.16,0.000189,0.003861,ok
OddEven,16,hotspot,0.005,2024,677.938,580.825,486.658,0.000189,0.003859,ok
OddEven,16,hotspot,0.005,314,741.01,669.784,567.949,0.000189,0.003873,ok
OddEven,16,hotspot,0.005,17,748.625,673.802,582.629,0.000188,0.003852,ok
OddEven,16,hotspot,0.01,42,771.639,585.371,482.582,0.000189,0.003887,ok
OddEven,16,hotspot,0.01,1337,804.649,643.031,541.556,0.000189,0.003865,ok
OddEven,16,hotspot,0.01,2024,755.247,612.196,519.39,0.000189,0.003877,ok
OddEven,16,hotspot,0.01,314,793.753,669.299,575.94,0.000189,0.00385,ok
OddEven,16,hotspot,0.01,17,841.856,672.041,563.03,0.000189,0.003885,ok
OddEven,16,uniform,0.08,1337,794.93,239.817,183.01,0.006434,0.129832,ok
OddEven,16,hotspot,0.02,42,918.684,648.684,533.076,0.000191,0.003887,ok
OddEven,16,uniform,0.08,42,778.211,237.135,182.662,0.006377,0.128865,ok
OddEven,16,uniform,0.08,2024,822.126,231.917,177.287,0.006773,0.137023,ok
OddEven,16,uniform,0.08,314,797.192,239.605,183.2,0.006457,0.130635,ok
OddEven,16,hotspot,0.02,1337,913.265,645.633,544.31,0.000191,0.003871,ok
OddEven,16,uniform,0.08,17,773.682,229.742,175.754,0.006328,0.127568,ok
OddEven,16,hotspot,0.02,2024,919.449,651.612,543.554,0.000191,0.003871,ok
OddEven,16,hotspot,0.02,314,917.485,671.062,554.914,0.000189,0.003873,ok
OddEven,16,hotspot,0.04,42,944.959,655.071,553.291,0.000191,0.003889,ok
OddEven,16,hotspot,0.02,17,890.582,634.316,556.421,0.000191,0.003893,ok
OddEven,16,hotspot,0.04,1337,943.833,655.771,579.864,0.000188,0.003869,ok
OddEven,16,hotspot,0.04,2024,923.817,612.172,532.668,0.000182,0.003779,ok
OddEven,16,hotspot,0.04,314,966.0,683.276,594.218,0.000191,0.003879,ok
OddEven,16,hotspot,0.04,17,906.546,618.041,520.297,0.000189,0.003891,ok
OddEven,16,hotspot,0.08,42,990.536,639.381,541.744,0.000189,0.003791,ok
OddEven,16,hotspot,0.08,1337,984.551,653.837,556.414,0.000191,0.003881,ok
OddEven,16,hotspot,0.08,2024,1000.67,668.408,555.015,0.000191,0.003881,ok
OddEven,16,hotspot,0.08,314,986.515,640.113,539.753,0.000189,0.003887,ok
OddEven,16,hotspot,0.08,17,969.557,658.649,559.166,0.000189,0.003895,ok
OddEven,16,transpose,0.005,42,217.614,189.63,139.522,0.002928,0.059605,ok
OddEven,16,transpose,0.005,1337,226.464,199.715,148.411,0.002957,0.059986,ok
OddEven,16,transpose,0.005,2024,214.67,190.172,139.686,0.002891,0.058785,ok
OddEven,16,transpose,0.005,314,207.96,185.851,135.329,0.002984,0.060617,ok
OddEven,16,transpose,0.005,17,220.316,196.736,145.591,0.002895,0.058812,ok
OddEven,16,transpose,0.01,42,270.292,184.562,130.762,0.003648,0.07394,ok
OddEven,16,transpose,0.01,2024,267.826,182.51,131.171,0.003723,0.075631,ok
OddEven,16,transpose,0.01,1337,265.551,186.818,132.763,0.003717,0.075389,ok
OddEven,16,transpose,0.01,314,260.882,182.62,128.199,0.003732,0.075525,ok
OddEven,16,transpose,0.01,17,256.717,181.34,128.282,0.003715,0.07532,ok
OddEven,16,transpose,0.02,42,336.651,163.67,112.925,0.005002,0.101428,ok
OddEven,16,transpose,0.02,1337,321.092,161.832,111.625,0.004938,0.10016,ok
OddEven,16,transpose,0.02,2024,330.896,160.342,109.744,0.005111,0.103816,ok
OddEven,16,transpose,0.02,314,325.39,161.25,110.987,0.004936,0.100113,ok
OddEven,16,transpose,0.02,17,329.135,159.726,110.156,0.004982,0.101004,ok
OddEven,16,transpose,0.04,42,435.631,137.703,92.972,0.006533,0.132275,ok
OddEven,16,transpose,0.04,2024,410.757,135.613,91.3159,0.006557,0.132436,ok
OddEven,16,transpose,0.04,1337,417.608,139.572,95.1439,0.006494,0.131605,ok
DyAD,4,uniform,0.005,42,39.9585,38.8051,17.8642,0.004891,0.097953,ok
DyAD,4,uniform,0.005,1337,39.9739,39.0391,17.918,0.004797,0.096312,ok
DyAD,4,uniform,0.005,2024,41.2124,40.1078,18.637,0.004781,0.095922,ok
DyAD,4,uniform,0.005,314,38.6106,37.5389,16.897,0.005016,0.100734,ok
DyAD,4,uniform,0.005,17,39.3072,38.2516,17.6409,0.004781,0.095969,ok
OddEven,16,transpose,0.04,314,415.224,136.891,92.5582,0.006512,0.131652,ok
DyAD,4,uniform,0.01,42,44.6661,42.6116,19.3944,0.009734,0.195391,ok
DyAD,4,uniform,0.01,1337,45.9134,43.3301,19.944,0.009562,0.191703,ok
DyAD,4,uniform,0.01,2024,44.8091,42.3067,19.4228,0.009562,0.191891,ok
DyAD,4,uniform,0.01,314,45.5859,42.225,19.3294,0.009969,0.200922,ok
DyAD,4,uniform,0.01,17,44.9107,42.7873,19.7874,0.009625,0.193438,ok
OddEven,16,transpose,0.04,17,413.962,129.249,86.9606,0.006713,0.135705,ok
OddEven,16,transpose,0.08,42,632.116,125.228,83.5073,0.007324,0.148049,ok
DyAD,4,uniform,0.02,1337,64.3415,54.683,25.4189,0.019141,0.384672,ok
DyAD,4,uniform,0.02,42,63.8389,54.1278,25.3654,0.019656,0.395625,ok
DyAD,4,uniform,0.02,2024,75.1516,59.1384,27.706,0.02,0.402047,ok
DyAD,4,uniform,0.02,314,66.9351,55.0553,25.7678,0.019391,0.390547,ok
DyAD,4,uniform,0.02,17,66.9078,55.983,26.1198,0.019234,0.386859,ok
DyAD,4,uniform,0.04,42,432.461,81.4273,41.7502,0.030969,0.6235,ok
OddEven,16,transpose,0.08,1337,619.258,128.783,86.2648,0.007287,0.147555,ok
OddEven,16,transpose,0.08,2024,637.546,125.79,83.9518,0.007266,0.147213,ok
DyAD,4,uniform,0.04,2024,492.017,81.145,41.774,0.030703,0.619359,ok
DyAD,4,uniform,0.04,1337,411.264,79.912,40.5627,0.031062,0.626328,ok
DyAD,4,uniform,0.04,314,465.288,79.5122,40.3543,0.030812,0.620953,ok
DyAD,4,uniform,0.08,1337,612.531,81.9766,41.724,0.030687,0.623844,ok
DyAD,4,uniform,0.08,42,614.331,79.4039,40.0444,0.031719,0.642969,ok
DyAD,4,uniform,0.04,17,430.255,80.1035,40.6341,0.030797,0.619656,ok
DyAD,4,hotspot,0.005,1337,295.837,254.418,190.425,0.003063,0.062,ok
DyAD,4,uniform,0.08,2024,624.345,83.5358,43.1485,0.030562,0.617969,ok
DyAD,4,hotspot,0.005,42,516.168,374.33,295.429,0.003078,0.062156,ok
DyAD,4,hotspot,0.005,2024,395.68,305.144,240.831,0.003031,0.062156,ok
DyAD,4,hotspot,0.005,314,376.643,316.429,244.576,0.003063,0.061969,ok
DyAD,4,uniform,0.08,17,652.248,83.3371,43.2805,0.030406,0.615469,ok
DyAD,4,hotspot,0.01,1337,515.351,388.258,313.514,0.003031,0.062,ok
DyAD,4,hotspot,0.01,2024,519.268,384.948,306.873,0.003031,0.062156,ok
DyAD,4,hotspot,0.01,42,603.582,395.388,310.297,0.003063,0.061937,ok
DyAD,4,hotspot,0.005,17,380.411,310.162,247.07,0.003078,0.062203,ok
DyAD,4,uniform,0.08,314,626.155,80.5362,40.7464,0.031469,0.636344,ok
DyAD,4,hotspot,0.02,42,750.908,419.378,330.87,0.003063,0.062,ok
OddEven,16,transpose,0.08,314,626.746,126.996,84.7104,0.007295,0.147457,ok
DyAD,4,hotspot,0.01,314,541.255,366.745,281.957,0.003063,0.062,ok
DyAD,4,hotspot,0.01,17,475.495,373.103,308.71,0.003031,0.061906,ok
DyAD,4,hotspot,0.02,1337,793.163,448.571,356.807,0.003063,0.06225,ok
DyAD,4,hotspot,0.02,2024,720.485,409.134,317.602,0.003031,0.062062,ok
DyAD,4,hotspot,0.02,17,658.0,408.092,318.436,0.003063,0.061906,ok
DyAD,4,hotspot,0.02,314,747.072,452.474,365.502,0.003031,0.062,ok
DyAD,4,hotspot,0.04,1337,903.031,440.041,347.473,0.003063,0.062312,ok
DyAD,4,hotspot,0.04,42,877.531,445.745,351.438,0.003063,0.062,ok
DyAD,4,hotspot,0.04,2024,886.557,437.361,354.21,0.003031,0.062062,ok
DyAD,4,hotspot,0.04,17,894.296,480.48,374.229,0.003063,0.062,ok
DyAD,4,hotspot,0.08,42,946.153,452.01,366.697,0.003063,0.062125,ok
DyAD,4,hotspot,0.08,1337,945.072,442.732,358.41,0.003031,0.062312,ok
DyAD,4,hotspot,0.08,314,921.34,451.34,367.776,0.003031,0.06225,ok
DyAD,4,hotspot,0.04,314,868.887,422.907,333.645,0.003031,0.061781,ok
DyAD,4,hotspot,0.08,17,957.408,449.092,355.587,0.003063,0.062312,ok
DyAD,4,hotspot,0.08,2024,941.316,421.765,334.906,0.003063,0.06225,ok
DyAD,4,transpose,0.005,42,35.9073,34.9105,15.8185,0.004891,0.098078,ok
DyAD,4,transpose,0.005,17,36.7647,35.7451,16.2231,0.004781,0.096016,ok
DyAD,4,transpose,0.005,1337,36.6732,36.0229,16.6404,0.004781,0.096172,ok
DyAD,4,transpose,0.005,314,36.3614,35.3583,15.9939,0.005016,0.101094,ok
DyAD,4,transpose,0.005,2024,35.4935,34.7451,15.6953,0.004781,0.095906,ok
DyAD,4,transpose,0.01,1337,39.292,36.9641,16.9303,0.009578,0.191812,ok
DyAD,4,transpose,0.01,42,40.4807,37.717,17.3823,0.009719,0.195297,ok
DyAD,4,transpose,0.01,2024,38.6721,36.4323,16.5949,0.009578,0.192328,ok
DyAD,4,transpose,0.01,17,38.6661,36.5932,16.7606,0.009641,0.193484,ok
DyAD,4,transpose,0.01,314,37.8956,35.8832,16.1753,0.010016,0.201547,ok
OddEven,16,transpose,0.08,17,622.732,128.261,86.4287,0.007299,0.147588,ok
DyAD,4,transpose,0.02,1337,48.5227,39.3847,17.8396,0.019203,0.385219,ok
DyAD,4,transpose,0.02,42,49.044,40.1728,18.2969,0.019844,0.397594,ok
DyAD,4,transpose,0.02,17,50.2037,40.5408,18.5025,0.01925,0.386203,ok
DyAD,4,transpose,0.02,314,53.7702,42.1628,19.3005,0.019469,0.391141,ok
DyAD,4,transpose,0.02,2024,56.9557,43.2673,19.9033,0.019938,0.400187,ok
DyAD,4,transpose,0.08,42,449.075,41.1375,18.1248,0.042719,0.860594,ok
DyAD,4,transpose,0.08,1337,419.184,41.1418,18.131,0.042969,0.863875,ok
DyAD,4,transpose,0.08,2024,433.781,41.299,18.2154,0.042531,0.856156,ok
DyAD,4,transpose,0.08,314,426.699,41.2099,18.1767,0.042875,0.862531,ok
DyAD,4,transpose,0.04,1337,330.267,48.3767,19.6241,0.035547,0.712719,ok
DyAD,4,transpose,0.04,314,337.253,47.2006,19.4778,0.035609,0.714266,ok
DyAD,4,transpose,0.04,42,411.776,49.1819,19.533,0.035516,0.712734,ok
DyAD,4,transpose,0.08,17,436.362,41.0854,18.1134,0.042813,0.861062,ok
DyAD,4,transpose,0.04,17,195.474,43.5772,19.5362,0.035437,0.711125,ok
DyAD,4,transpose,0.04,2024,364.839,47.8871,19.4722,0.035719,0.716812,ok
DyAD,8,uniform,0.005,1337,56.2444,54.9712,30.9423,0.004871,0.097617,ok
DyAD,8,uniform,0.005,42,56.3142,55.1393,31.3195,0.00482,0.096984,ok
DyAD,8,uniform,0.005,2024,54.8847,53.7266,30.0517,0.00484,0.097312,ok
DyAD,8,uniform,0.005,314,55.8071,54.63,30.8361,0.004938,0.09898,ok
DyAD,8,uniform,0.005,17,56.218,54.827,31.0887,0.004695,0.094301,ok
DyAD,8,uniform,0.01,2024,72.1681,68.5429,37.784,0.009879,0.198398,ok
DyAD,8,uniform,0.01,1337,71.6053,68.0206,37.7142,0.009492,0.190754,ok
DyAD,8,uniform,0.01,42,71.3819,68.2692,37.7554,0.009801,0.197195,ok
DyAD,8,uniform,0.01,17,71.4088,67.7195,37.1745,0.009527,0.191441,ok
DyAD,8,uniform,0.01,314,72.5014,68.1258,37.8085,0.009824,0.197809,ok
DyAD,8,uniform,0.04,42,496.632,157.117,111.258,0.014188,0.285164,ok
DyAD,8,uniform,0.04,1337,547.202,149.068,101.106,0.017422,0.353336,ok
DyAD,8,uniform,0.04,2024,528.475,151.609,103.239,0.017422,0.35318,ok
DyAD,8,uniform,0.02,2024,414.844,144.536,97.7065,0.016641,0.334758,ok
DyAD,8,uniform,0.04,314,538.697,157.106,109.104,0.016336,0.331078,ok
DyAD,8,uniform,0.02,42,324.411,137.43,91.1039,0.017043,0.343094,ok
DyAD,8,uniform,0.08,1337,759.654,155.891,107.911,0.017148,0.347898,ok
DyAD,8,uniform,0.08,42,736.926,151.021,103.601,0.016828,0.340891,ok
DyAD,8,uniform,0.04,17,503.916,145.349,98.1189,0.0175,0.354063,ok
DyAD,8,hotspot,0.005,42,597.0,550.928,458.91,0.000758,0.015531,ok
DyAD,8,hotspot,0.005,1337,632.857,574.776,491.191,0.000766,0.015461,ok
DyAD,8,hotspot,0.005,2024,576.505,512.742,432.649,0.000758,0.015453,ok
DyAD,8,uniform,0.08,2024,800.07,154.883,105.943,0.017297,0.352055,ok
DyAD,8,hotspot,0.005,314,624.804,559.948,470.759,0.000758,0.0155,ok
DyAD,8,hotspot,0.005,17,601.102,543.806,454.49,0.000766,0.015445,ok
DyAD,8,hotspot,0.01,42,642.011,542.903,457.871,0.000727,0.01507,ok
DyAD,8,uniform,0.02,1337,357.031,131.248,91.0817,0.017105,0.345012,ok
DyAD,8,hotspot,0.01,1337,812.48,608.878,510.808,0.000766,0.015508,ok
DyAD,8,uniform,0.08,314,766.567,154.052,105.397,0.017898,0.362164,ok
DyAD,8,hotspot,0.01,2024,725.561,606.367,521.61,0.000766,0.015453,ok
DyAD,8,uniform,0.02,17,318.62,137.805,91.8876,0.016609,0.335098,ok
DyAD,8,uniform,0.08,17,759.336,152.956,105.094,0.017219,0.349344,ok
DyAD,8,hotspot,0.01,17,761.784,597.979,489.018,0.000758,0.015469,ok
DyAD,8,hotspot,0.02,42,822.691,629.278,537.626,0.000758,0.015391,ok
DyAD,8,uniform,0.02,314,349.626,136.987,97.9319,0.017293,0.348379,ok
DyAD,8,hotspot,0.01,314,748.698,577.75,492.36,0.00075,0.015461,ok
DyAD,8,hotspot,0.02,1337,859.429,653.204,546.408,0.000766,0.015578,ok
DyAD,8,hotspot,0.02,2024,870.224,607.847,512.646,0.000766,0.015516,ok
DyAD,8,hotspot,0.02,314,841.104,633.198,527.017,0.00075,0.015492,ok
DyAD,8,hotspot,0.02,17,846.66,643.979,531.543,0.000758,0.015445,ok
DyAD,8,hotspot,0.04,2024,957.639,618.206,517.055,0.000758,0.015516,ok
DyAD,8,hotspot,0.04,1337,934.112,607.582,522.814,0.000766,0.015578,ok
DyAD,8,hotspot,0.04,42,934.562,617.958,543.464,0.00075,0.015531,ok
DyAD,8,hotspot,0.04,314,932.306,620.429,510.673,0.000766,0.015555,ok
DyAD,8,hotspot,0.08,1337,972.611,619.779,521.116,0.000742,0.01525,ok
DyAD,8,hotspot,0.08,2024,983.806,630.439,516.375,0.000766,0.015531,ok
DyAD,8,hotspot,0.08,42,981.561,551.01,458.602,0.000766,0.015531,ok
DyAD,8,hotspot,0.04,17,949.704,635.878,521.328,0.000766,0.015453,ok
DyAD,8,hotspot,0.08,17,962.34,660.299,551.133,0.000758,0.015578,ok
DyAD,8,hotspot,0.08,314,993.969,655.398,549.832,0.000766,0.015523,ok
DyAD,8,transpose,0.005,42,54.1871,52.8323,29.9041,0.004844,0.097082,ok
DyAD,8,transpose,0.005,1337,54.5488,53.2704,30.2927,0.004879,0.097641,ok
DyAD,8,transpose,0.005,17,53.8087,52.4359,30.1142,0.004691,0.094191,ok
DyAD,8,transpose,0.005,2024,54.8729,53.605,30.61,0.004855,0.097176,ok
DyAD,8,transpose,0.005,314,54.7012,53.3534,30.3091,0.004941,0.09918,ok
DyAD,8,transpose,0.01,42,87.9277,76.1095,44.8905,0.00973,0.195813,ok
DyAD,8,transpose,0.01,2024,85.3834,73.16,43.3689,0.009801,0.196898,ok
DyAD,8,transpose,0.01,1337,82.988,74.5516,44.2408,0.00941,0.189141,ok
DyAD,8,transpose,0.01,17,85.833,74.2113,42.8278,0.009484,0.190656,ok
DyAD,8,transpose,0.01,314,94.633,79.8758,48.1537,0.009742,0.195922,ok
DyAD,8,transpose,0.04,42,432.853,111.2,66.094,0.018875,0.383102,ok
DyAD,8,transpose,0.02,42,368.214,117.627,71.8553,0.015605,0.314449,ok
DyAD,8,transpose,0.02,1337,337.203,116.188,70.7842,0.015625,0.314887,ok
DyAD,8,transpose,0.02,2024,379.64,117.787,71.5793,0.015813,0.318613,ok
DyAD,8,transpose,0.04,1337,425.898,111.676,66.2166,0.019062,0.385891,ok
DyAD,8,transpose,0.04,2024,436.127,111.826,66.5766,0.01893,0.383633,ok
DyAD,8,transpose,0.02,314,367.766,118.284,72.6596,0.015266,0.307648,ok
DyAD,8,transpose,0.08,42,675.64,106.178,62.4858,0.020555,0.416203,ok
DyAD,8,transpose,0.02,17,344.072,115.951,70.5694,0.015633,0.315148,ok
DyAD,8,transpose,0.04,17,426.547,110.265,65.2348,0.019094,0.387133,ok
DyAD,8,transpose,0.04,314,424.038,111.213,66.1752,0.019031,0.385453,ok
DyAD,8,transpose,0.08,2024,657.853,107.116,63.5982,0.02043,0.414609,ok
DyAD,8,transpose,0.08,1337,664.647,106.109,62.2221,0.020563,0.416766,ok
DyAD,8,transpose,0.08,314,655.078,107.102,63.2942,0.020453,0.414828,ok
DyAD,8,transpose,0.08,17,659.919,106.778,62.7839,0.020539,0.415656,ok
DyAD,16,uniform,0.005,314,94.5375,92.9265,61.1184,0.004873,0.097939,ok
DyAD,16,uniform,0.005,2024,93.2697,91.5551,60.3846,0.00478,0.096144,ok
DyAD,16,uniform,0.005,1337,95.4299,93.6771,61.623,0.004865,0.097713,ok
DyAD,16,uniform,0.005,42,93.7412,92.0189,60.6107,0.004858,0.097834,ok
DyAD,16,uniform,0.005,17,94.5162,92.9436,61.4339,0.004829,0.097313,ok
DyAD,16,uniform,0.02,1337,417.739,261.918,210.961,0.006133,0.122969,ok
DyAD,16,uniform,0.01,42,311.141,227.319,178.383,0.007034,0.140722,ok
DyAD,16,uniform,0.01,2024,276.105,211.974,163.636,0.006605,0.132119,ok
DyAD,16,uniform,0.02,42,514.092,292.972,238.322,0.007502,0.151393,ok
DyAD,16,uniform,0.02,2024,518.306,303.975,248.984,0.007352,0.148797,ok
DyAD,16,uniform,0.01,1337,293.564,221.883,173.354,0.007646,0.153338,ok
DyAD,16,uniform,0.01,17,316.97,234.302,185.824,0.007324,0.14694,ok
DyAD,16,uniform,0.02,314,469.215,285.913,233.047,0.006633,0.133098,ok
DyAD,16,uniform,0.02,17,505.556,288.73,233.96,0.007707,0.155418,ok
DyAD,16,uniform,0.04,1337,708.665,314.439,257.607,0.007,0.141076,ok
DyAD,16,uniform,0.04,42,707.619,316.011,258.85,0.007348,0.14799,ok
DyAD,16,uniform,0.04,2024,711.327,316.14,258.708,0.007301,0.146963,ok
DyAD,16,uniform,0.04,314,732.726,311.564,253.29,0.008018,0.162207,ok
DyAD,16,uniform,0.01,314,325.797,237.399,186.562,0.008395,0.168998,ok
DyAD,16,hotspot,0.005,42,710.753,638.0,550.334,0.000189,0.003887,ok
DyAD,16,hotspot,0.005,1337,636.66,538.052,449.797,0.000189,0.003857,ok
DyAD,16,hotspot,0.005,2024,692.969,608.938,543.079,0.000189,0.003859,ok
DyAD,16,uniform,0.04,17,621.334,292.139,238.125,0.006482,0.129992,ok
DyAD,16,hotspot,0.005,314,701.194,649.082,566.325,0.000191,0.003873,ok
DyAD,16,hotspot,0.005,17,692.408,613.786,525.846,0.000191,0.003852,ok
DyAD,16,uniform,0.08,42,828.824,321.101,262.687,0.007488,0.151027,ok
DyAD,16,hotspot,0.01,42,827.031,685.784,586.485,0.000189,0.003887,ok
DyAD,16,hotspot,0.01,1337,751.423,619.381,529.184,0.000189,0.003865,ok
DyAD,16,uniform,0.08,1337,697.704,306.683,251.733,0.005883,0.117848,ok
DyAD,16,hotspot,0.01,2024,825.796,615.724,517.798,0.000191,0.003875,ok
DyAD,16,uniform,0.08,17,735.78,302.688,245.542,0.006504,0.130396,ok
DyAD,16,uniform,0.08,314,728.248,301.46,246.375,0.006453,0.129107,ok
DyAD,16,uniform,0.08,2024,821.132,339.017,279.985,0.007098,0.142771,ok
DyAD,16,hotspot,0.01,17,790.439,618.765,518.193,0.000191,0.003885,ok
DyAD,16,hotspot,0.01,314,845.072,691.103,589.889,0.000189,0.003861,ok
DyAD,16,hotspot,0.02,42,911.394,671.606,570.233,0.000193,0.003887,ok
DyAD,16,hotspot,0.02,1337,907.959,649.837,537.138,0.000191,0.003871,ok
DyAD,16,hotspot,0.02,2024,903.102,670.816,554.935,0.000191,0.003877,ok
DyAD,16,hotspot,0.02,314,909.633,620.173,528.587,0.000191,0.003873,ok
DyAD,16,hotspot,0.02,17,892.5,670.0,563.472,0.000191,0.003893,ok
DyAD,16,hotspot,0.04,42,954.929,691.357,577.07,0.000191,0.003889,ok
DyAD,16,hotspot,0.04,1337,955.781,667.458,572.724,0.000188,0.003869,ok
DyAD,16,hotspot,0.04,2024,921.935,618.344,515.504,0.000182,0.003779,ok
DyAD,16,hotspot,0.04,314,945.865,661.469,584.946,0.000188,0.003879,ok
DyAD,16,hotspot,0.04,17,943.948,681.371,591.362,0.000189,0.003891,ok
DyAD,16,hotspot,0.08,42,996.381,675.515,562.579,0.000189,0.003791,ok
DyAD,16,hotspot,0.08,2024,999.469,709.969,596.095,0.000191,0.003881,ok
DyAD,16,hotspot,0.08,1337,997.612,701.796,584.329,0.000191,0.003881,ok
DyAD,16,hotspot,0.08,314,968.179,646.968,563.764,0.000186,0.003783,ok
DyAD,16,hotspot,0.08,17,962.021,667.021,578.489,0.000189,0.003895,ok
DyAD,16,transpose,0.01,42,271.449,204.217,149.289,0.006436,0.130727,ok
DyAD,16,transpose,0.01,1337,254.948,195.883,142.455,0.006527,0.132416,ok
DyAD,16,transpose,0.01,2024,270.639,204.431,150.055,0.006535,0.132801,ok
DyAD,16,transpose,0.005,42,127.305,119.274,87.442,0.004789,0.096402,ok
DyAD,16,transpose,0.01,314,257.0,198.769,145.22,0.0066,0.133795,ok
DyAD,16,transpose,0.01,17,262.29,201.091,146.465,0.006473,0.131395,ok
DyAD,16,transpose,0.005,1337,140.037,125.8,90.6737,0.004784,0.096303,ok
DyAD,16,transpose,0.02,42,456.527,231.556,170.725,0.007354,0.149377,ok
DyAD,16,transpose,0.005,314,140.225,125.502,91.6608,0.004789,0.09645,ok
DyAD,16,transpose,0.005,17,133.862,119.674,94.3981,0.004746,0.095518,ok
DyAD,16,transpose,0.02,1337,448.853,233.86,171.996,0.007379,0.150062,ok
DyAD,16,transpose,0.005,2024,155.743,132.938,100.253,0.004682,0.094321,ok
DyAD,16,transpose,0.02,2024,459.097,231.184,169.71,0.007418,0.150439,ok
DyAD,16,transpose,0.02,314,440.572,232.073,171.21,0.007414,0.150693,ok
DyAD,16,transpose,0.04,42,551.074,206.958,150.342,0.008795,0.178244,ok
DyAD,16,transpose,0.02,17,459.243,232.405,170.155,0.007357,0.149457,ok
DyAD,16,transpose,0.04,1337,552.032,208.578,152.104,0.008627,0.175039,ok
DyAD,16,transpose,0.04,2024,553.141,207.556,150.828,0.008807,0.178414,ok
MinAdapt,4,uniform,0.005,42,39.6645,38.8786,18.4889,0.004891,0.097812,ok
DyAD,16,transpose,0.04,314,565.653,212.143,153.927,0.008629,0.174779,ok
MinAdapt,4,uniform,0.005,1337,39.1726,38.3257,18.053,0.004797,0.096312,ok
MinAdapt,4,uniform,0.005,2024,40.5261,39.8203,18.9603,0.004781,0.095922,ok
MinAdapt,4,uniform,0.005,314,37.8281,36.9,17.145,0.005,0.100609,ok
MinAdapt,4,uniform,0.005,17,39.9967,38.9412,18.6821,0.004781,0.095969,ok
MinAdapt,4,uniform,0.01,42,44.285,41.7246,19.9669,0.009687,0.194391,ok
MinAdapt,4,uniform,0.01,1337,44.1258,41.7042,19.9713,0.009562,0.191609,ok
DyAD,16,transpose,0.04,17,557.625,207.995,151.086,0.008766,0.177439,ok
MinAdapt,4,uniform,0.01,2024,44.4975,42.0671,20.3039,0.009531,0.191625,ok
MinAdapt,4,uniform,0.01,314,45.7558,42.9145,20.3409,0.010031,0.201172,ok
MinAdapt,4,uniform,0.01,17,45.2504,42.7884,20.6437,0.009672,0.193484,ok
MinAdapt,4,uniform,0.02,42,68.2348,54.5549,27.8118,0.019688,0.395516,ok
MinAdapt,4,uniform,0.02,1337,63.1554,53.1245,26.7845,0.019156,0.384328,ok
MinAdapt,4,uniform,0.02,2024,70.3346,57.2794,29.3177,0.020047,0.402781,ok
MinAdapt,4,uniform,0.02,314,69.1492,55.2213,28.2636,0.019359,0.388656,ok
MinAdapt,4,uniform,0.02,17,70.5328,56.5775,28.9657,0.019203,0.385609,ok
MinAdapt,4,uniform,0.04,42,487.935,80.9062,45.0332,0.03,0.6045,ok
MinAdapt,4,uniform,0.04,1337,461.762,79.2342,43.0139,0.030562,0.616875,ok
MinAdapt,4,uniform,0.04,2024,514.587,82.7342,45.9907,0.030219,0.608781,ok
MinAdapt,4,uniform,0.04,314,558.104,79.3465,43.2974,0.029719,0.597094,ok
MinAdapt,4,uniform,0.08,42,643.374,77.1564,41.5568,0.030562,0.618906,ok
MinAdapt,4,uniform,0.04,17,487.383,79.8272,43.9712,0.030297,0.609594,ok
MinAdapt,4,uniform,0.08,1337,628.615,78.9349,43.0682,0.031187,0.632812,ok
MinAdapt,4,uniform,0.08,2024,639.043,84.3607,48.3282,0.029719,0.602531,ok
MinAdapt,4,hotspot,0.005,42,469.274,354.152,273.493,0.003078,0.061953,ok
MinAdapt,4,hotspot,0.005,1337,320.724,274.99,214.695,0.003063,0.062,ok
MinAdapt,4,uniform,0.08,314,649.64,81.649,44.9835,0.030094,0.610187,ok
MinAdapt,4,uniform,0.08,17,615.518,79.399,43.0599,0.030312,0.614156,ok
MinAdapt,4,hotspot,0.005,314,362.691,310.134,237.902,0.003031,0.061969,ok
MinAdapt,4,hotspot,0.005,2024,396.949,312.949,243.712,0.003094,0.062156,ok
DyAD,16,transpose,0.08,1337,719.819,197.736,143.066,0.00934,0.189479,ok
MinAdapt,4,hotspot,0.01,1337,597.495,403.361,315.555,0.003031,0.062,ok
MinAdapt,4,hotspot,0.01,42,561.729,403.781,315.695,0.003,0.061937,ok
MinAdapt,4,hotspot,0.01,2024,584.351,403.701,318.903,0.003031,0.062156,ok
MinAdapt,4,hotspot,0.005,17,421.163,325.592,250.769,0.003063,0.062141,ok
MinAdapt,4,hotspot,0.01,314,582.408,354.286,280.574,0.003063,0.062,ok
MinAdapt,4,hotspot,0.01,17,568.33,398.928,312.268,0.003031,0.061906,ok
DyAD,16,transpose,0.08,42,731.128,197.742,142.608,0.009398,0.190111,ok
MinAdapt,4,hotspot,0.02,1337,801.505,431.351,340.069,0.003031,0.06225,ok
MinAdapt,4,hotspot,0.02,42,746.557,429.845,335.759,0.003031,0.062,ok
MinAdapt,4,hotspot,0.02,2024,743.062,433.784,342.966,0.003031,0.062062,ok
MinAdapt,4,hotspot,0.02,314,772.388,437.969,342.87,0.003063,0.062,ok
MinAdapt,4,hotspot,0.02,17,750.567,414.278,314.915,0.003031,0.061906,ok
MinAdapt,4,hotspot,0.04,42,895.794,444.237,340.037,0.003031,0.062,ok
MinAdapt,4,hotspot,0.04,2024,895.398,423.327,335.831,0.003063,0.062062,ok
MinAdapt,4,hotspot,0.04,314,860.062,446.918,348.792,0.003031,0.061906,ok
MinAdapt,4,hotspot,0.04,17,895.268,430.742,333.883,0.003031,0.062,ok
MinAdapt,4,hotspot,0.04,1337,896.52,418.827,323.12,0.003063,0.062312,ok
MinAdapt,4,hotspot,0.08,42,968.898,445.541,351.486,0.003063,0.061906,ok
MinAdapt,4,hotspot,0.08,2024,945.561,431.847,334.557,0.003063,0.06225,ok
MinAdapt,4,hotspot,0.08,314,947.845,433.505,349.73,0.003031,0.06225,ok
MinAdapt,4,hotspot,0.08,17,947.66,451.412,354.283,0.003031,0.062312,ok
MinAdapt,4,hotspot,0.08,1337,966.061,409.899,318.664,0.003094,0.062312,ok
MinAdapt,4,transpose,0.005,42,38.4249,37.361,17.2731,0.004891,0.098078,ok
MinAdapt,4,transpose,0.005,314,37.6384,36.6069,16.9821,0.004969,0.100437,ok
MinAdapt,4,transpose,0.005,1337,38.2712,37.5392,17.3987,0.004781,0.096312,ok
MinAdapt,4,transpose,0.005,2024,37.6536,36.7647,16.72,0.004781,0.095906,ok
MinAdapt,4,transpose,0.005,17,39.0098,37.9183,17.3854,0.004781,0.095953,ok
MinAdapt,4,transpose,0.01,42,47.0419,43.0709,20.1451,0.009703,0.195125,ok
MinAdapt,4,transpose,0.01,1337,44.571,42.0848,19.7665,0.009578,0.191812,ok
MinAdapt,4,transpose,0.01,314,43.819,41.3463,19.3093,0.01,0.201266,ok
MinAdapt,4,transpose,0.01,17,45.8317,42.623,20.0347,0.009656,0.193438,ok
MinAdapt,4,transpose,0.01,2024,43.3974,41.0,18.9798,0.009594,0.192188,ok
DyAD,16,transpose,0.08,2024,719.244,198.408,143.08,0.009391,0.190164,ok
MinAdapt,4,transpose,0.02,1337,240.217,74.4221,38.2092,0.017812,0.357953,ok
MinAdapt,4,transpose,0.02,17,211.903,73.5974,37.5605,0.017953,0.360438,ok
MinAdapt,4,transpose,0.02,42,205.178,75.246,38.2329,0.018437,0.371141,ok
MinAdapt,4,transpose,0.02,2024,281.171,77.7477,38.8436,0.018484,0.37175,ok
MinAdapt,4,transpose,0.02,314,269.388,76.0405,39.0639,0.017969,0.361438,ok
DyAD,16,transpose,0.08,314,711.404,198.086,143.752,0.009354,0.189787,ok
MinAdapt,4,transpose,0.08,42,539.825,62.0877,30.3454,0.030281,0.612219,ok
MinAdapt,4,transpose,0.04,42,458.829,66.5608,33.5509,0.02725,0.548188,ok
MinAdapt,4,transpose,0.04,2024,486.081,67.2264,33.7085,0.026781,0.537844,ok
MinAdapt,4,transpose,0.04,1337,457.705,67.1115,33.8821,0.027047,0.544,ok
MinAdapt,4,transpose,0.04,314,517.65,69.1023,35.0495,0.025953,0.522312,ok
MinAdapt,4,transpose,0.04,17,487.175,67.0618,33.751,0.026812,0.538875,ok
MinAdapt,4,transpose,0.08,1337,543.437,62.4115,30.6574,0.030375,0.612844,ok
MinAdapt,4,transpose,0.08,2024,526.052,62.9928,31.3326,0.030281,0.612031,ok
MinAdapt,4,transpose,0.08,314,532.437,62.9558,31.205,0.030375,0.613156,ok
MinAdapt,4,transpose,0.08,17,547.488,62.2812,30.4641,0.030344,0.611688,ok
DyAD,16,transpose,0.08,17,714.477,199.718,145.026,0.009406,0.190467,ok
MinAdapt,8,uniform,0.005,314,57.7257,56.4134,34.6097,0.004941,0.099051,ok
MinAdapt,8,uniform,0.005,1337,57.7774,56.1769,34.4918,0.004875,0.097672,ok
MinAdapt,8,uniform,0.005,42,57.9225,56.6489,35.0107,0.004836,0.097125,ok
MinAdapt,8,uniform,0.005,2024,56.296,55.25,33.8731,0.004836,0.097121,ok
MinAdapt,8,uniform,0.005,17,56.3,55.1225,33.9095,0.004687,0.094008,ok
MinAdapt,8,uniform,0.01,1337,78.0457,73.6296,47.9259,0.009477,0.190109,ok
MinAdapt,8,uniform,0.01,42,86.1895,79.5726,53.2734,0.009785,0.196645,ok
MinAdapt,8,uniform,0.01,17,77.6373,72.3295,46.5895,0.009516,0.191121,ok
MinAdapt,8,uniform,0.01,2024,83.2286,77.2274,50.5193,0.009848,0.197773,ok
MinAdapt,8,uniform,0.01,314,81.264,76.1867,50.2998,0.00982,0.19716,ok
MinAdapt,8,uniform,0.04,42,529.35,144.147,102.411,0.017695,0.360117,ok
MinAdapt,8,uniform,0.04,1337,545.373,150.664,107.013,0.017414,0.353336,ok
MinAdapt,8,uniform,0.02,2024,366.392,147.127,105.314,0.016781,0.337566,ok
MinAdapt,8,uniform,0.04,2024,539.779,150.698,106.794,0.017844,0.361641,ok
MinAdapt,8,uniform,0.02,42,348.878,146.286,104.07,0.016703,0.336172,ok
MinAdapt,8,uniform,0.02,1337,296.043,137.769,97.7557,0.016894,0.339547,ok
MinAdapt,8,uniform,0.08,1337,757.986,146.284,102.413,0.017727,0.3595,ok
MinAdapt,8,uniform,0.04,17,552.093,151.192,107.311,0.017297,0.351242,ok
MinAdapt,8,uniform,0.02,314,307.874,142.981,101.853,0.017086,0.343434,ok
MinAdapt,8,uniform,0.04,314,570.912,154.055,109.165,0.017031,0.345164,ok
MinAdapt,8,uniform,0.08,42,774.506,153.017,109.38,0.018109,0.367148,ok
MinAdapt,8,uniform,0.08,2024,777.758,150.039,106.193,0.017687,0.358812,ok
MinAdapt,8,hotspot,0.005,1337,522.316,439.612,354.394,0.000766,0.015461,ok
MinAdapt,8,hotspot,0.005,42,585.361,496.608,411.8,0.000758,0.015531,ok
MinAdapt,8,hotspot,0.005,2024,582.276,516.265,429.96,0.000766,0.015445,ok
MinAdapt,8,hotspot,0.005,17,478.845,397.01,314.87,0.000758,0.015445,ok
MinAdapt,8,hotspot,0.005,314,517.536,463.278,377.675,0.000758,0.0155,ok
MinAdapt,8,hotspot,0.01,42,638.729,442.25,365.063,0.00075,0.015531,ok
MinAdapt,8,hotspot,0.01,1337,712.536,559.794,476.985,0.000758,0.015508,ok
MinAdapt,8,hotspot,0.01,2024,674.26,512.552,438.81,0.00075,0.015453,ok
MinAdapt,8,uniform,0.08,314,786.371,151.064,106.817,0.01793,0.363445,ok
MinAdapt,8,hotspot,0.01,17,724.479,516.698,407.917,0.00075,0.015469,ok
MinAdapt,8,hotspot,0.01,314,772.229,556.583,468.316,0.00075,0.015461,ok
MinAdapt,8,hotspot,0.02,314,852.724,573.551,458.449,0.000766,0.015477,ok
MinAdapt,8,hotspot,0.02,42,889.062,613.041,499.269,0.000758,0.015305,ok
MinAdapt,8,hotspot,0.02,17,804.722,566.32,453.606,0.000758,0.015445,ok
MinAdapt,8,hotspot,0.02,2024,820.227,501.103,414.462,0.000758,0.015508,ok
MinAdapt,8,hotspot,0.04,42,913.474,524.412,452.078,0.000758,0.015531,ok
MinAdapt,8,uniform,0.02,17,303.361,142.058,100.777,0.017148,0.344938,ok
MinAdapt,8,hotspot,0.02,1337,857.551,546.173,445.963,0.000766,0.015578,ok
MinAdapt,8,uniform,0.08,17,739.684,148.648,105.093,0.017328,0.351516,ok
MinAdapt,8,hotspot,0.04,1337,934.845,557.474,459.81,0.000758,0.015578,ok
MinAdapt,8,hotspot,0.04,2024,936.454,548.474,473.016,0.000758,0.015516,ok
MinAdapt,8,hotspot,0.04,314,888.265,569.378,466.046,0.000766,0.015555,ok
MinAdapt,8,hotspot,0.08,42,980.582,541.765,443.706,0.000766,0.015531,ok
MinAdapt,8,hotspot,0.04,17,948.816,601.0,496.139,0.000766,0.015453,ok
MinAdapt,8,hotspot,0.08,2024,970.765,555.378,452.726,0.000766,0.015531,ok
MinAdapt,8,hotspot,0.08,314,977.561,634.031,517.55,0.000766,0.015523,ok
MinAdapt,8,hotspot,0.08,1337,972.842,555.411,458.04,0.000742,0.01525,ok
MinAdapt,8,hotspot,0.08,17,959.381,590.546,487.05,0.000758,0.015578,ok
MinAdapt,8,transpose,0.005,314,68.2254,65.9175,40.3532,0.004922,0.098949,ok
MinAdapt,8,transpose,0.005,17,71.5441,66.3186,40.8913,0.004695,0.094102,ok
MinAdapt,8,transpose,0.005,1337,63.8501,62.1732,37.3852,0.004844,0.097344,ok
MinAdapt,8,transpose,0.005,42,61.479,60.059,35.6462,0.004836,0.09698,ok
MinAdapt,8,transpose,0.005,2024,63.9749,62.4773,37.7938,0.004816,0.096824,ok
MinAdapt,8,transpose,0.01,42,221.29,132.028,87.557,0.008715,0.175367,ok
MinAdapt,8,transpose,0.01,1337,176.462,120.748,79.5114,0.00875,0.175926,ok
MinAdapt,8,transpose,0.02,42,278.486,126.061,80.0029,0.011727,0.237922,ok
MinAdapt,8,transpose,0.02,1337,285.48,132.663,85.5451,0.01157,0.235187,ok
MinAdapt,8,transpose,0.02,2024,287.263,126.374,80.0569,0.011805,0.238711,ok
MinAdapt,8,transpose,0.01,17,233.641,130.548,86.9258,0.008465,0.17027,ok
MinAdapt,8,transpose,0.02,314,294.87,129.576,82.9304,0.011547,0.234609,ok
MinAdapt,8,transpose,0.01,2024,212.175,128.891,85.4232,0.008812,0.177063,ok
MinAdapt,8,transpose,0.04,1337,416.728,116.131,72.3777,0.015016,0.303805,ok
MinAdapt,8,transpose,0.01,314,197.63,122.324,80.7668,0.008801,0.177313,ok
MinAdapt,8,transpose,0.04,42,403.379,113.347,69.7129,0.015305,0.3095,ok
MinAdapt,8,transpose,0.02,17,270.855,126.179,80.3281,0.011719,0.237352,ok
MinAdapt,8,transpose,0.04,2024,423.904,113.467,70.0042,0.01507,0.305063,ok
MinAdapt,8,transpose,0.04,17,402.321,115.421,71.2579,0.015305,0.309461,ok
MinAdapt,8,transpose,0.04,314,406.165,117.33,73.0822,0.015133,0.306453,ok
MinAdapt,8,transpose,0.08,42,647.354,108.831,67.2453,0.016625,0.336297,ok
MinAdapt,8,transpose,0.08,2024,639.636,105.513,63.9547,0.016695,0.337531,ok
MinAdapt,8,transpose,0.08,1337,628.865,107.854,66.2228,0.016672,0.337602,ok
MinAdapt,8,transpose,0.08,17,630.51,107.849,66.2981,0.016703,0.337625,ok
MinAdapt,8,transpose,0.08,314,630.493,106.984,65.2903,0.016672,0.337219,ok
MinAdapt,16,uniform,0.005,42,121.192,118.653,94.389,0.004832,0.097083,ok
MinAdapt,16,uniform,0.005,1337,115.86,114.015,90.1291,0.004843,0.097198,ok
MinAdapt,16,uniform,0.005,17,117.233,115.271,90.9833,0.004813,0.096625,ok
MinAdapt,16,uniform,0.005,314,117.638,115.256,90.8902,0.004835,0.097142,ok
MinAdapt,16,uniform,0.005,2024,115.663,112.85,90.0571,0.004755,0.095386,ok
MinAdapt,16,uniform,0.02,42,459.587,248.774,194.719,0.008262,0.167143,ok
MinAdapt,16,uniform,0.02,1337,437.663,243.2,190.607,0.008186,0.16593,ok
MinAdapt,16,uniform,0.02,2024,480.897,255.645,202.128,0.008365,0.169236,ok
MinAdapt,16,uniform,0.01,42,303.248,219.654,176.863,0.0083,0.166871,ok
MinAdapt,16,uniform,0.01,2024,291.79,215.919,172.92,0.008448,0.170059,ok
MinAdapt,16,uniform,0.01,1337,288.024,214.806,172.52,0.008339,0.167868,ok
MinAdapt,16,uniform,0.01,314,315.327,221.324,177.109,0.008384,0.168875,ok
MinAdapt,16,uniform,0.01,17,306.589,217.473,174.739,0.008281,0.166628,ok
MinAdapt,16,uniform,0.02,314,448.025,240.629,188.303,0.008201,0.166199,ok
MinAdapt,16,uniform,0.02,17,440.577,242.357,191.548,0.008256,0.167701,ok
MinAdapt,16,uniform,0.04,42,720.689,255.878,200.871,0.008484,0.172049,ok
MinAdapt,16,uniform,0.04,1337,713.912,247.635,192.206,0.008484,0.171699,ok
MinAdapt,16,uniform,0.04,2024,711.123,254.367,199.001,0.008391,0.169924,ok
MinAdapt,16,uniform,0.04,314,702.449,248.865,193.601,0.008541,0.173004,ok
MinAdapt,16,hotspot,0.005,1337,694.753,636.052,548.306,0.000189,0.003861,ok
MinAdapt,16,hotspot,0.005,42,645.582,566.541,480.611,0.000191,0.003887,ok
MinAdapt,16,hotspot,0.005,2024,658.156,584.615,503.114,0.000188,0.003859,ok
MinAdapt,16,hotspot,0.005,314,676.103,610.763,517.685,0.000189,0.003873,ok
MinAdapt,16,hotspot,0.005,17,677.856,577.711,496.12,0.000189,0.003852,ok
MinAdapt,16,hotspot,0.01,42,809.051,621.667,521.367,0.000193,0.003887,ok
MinAdapt,16,uniform,0.04,17,714.871,252.318,197.565,0.008656,0.175146,ok
MinAdapt,16,uniform,0.08,42,857.298,248.509,194.235,0.008496,0.171895,ok
MinAdapt,16,hotspot,0.01,1337,755.773,627.804,528.051,0.000189,0.003865,ok
MinAdapt,16,hotspot,0.01,2024,809.378,605.806,512.775,0.000191,0.003877,ok
MinAdapt,16,hotspot,0.01,17,745.959,539.907,441.978,0.000189,0.003885,ok
MinAdapt,16,uniform,0.08,1337,854.919,252.057,197.508,0.008357,0.169193,ok
MinAdapt,16,uniform,0.08,2024,856.544,252.013,197.85,0.008557,0.173135,ok
MinAdapt,16,hotspot,0.01,314,763.728,620.946,533.791,0.00018,0.00373,ok
MinAdapt,16,uniform,0.08,314,857.309,244.632,191.178,0.008568,0.173717,ok
MinAdapt,16,hotspot,0.02,42,926.061,670.848,562.813,0.000193,0.003887,ok
MinAdapt,16,uniform,0.08,17,853.909,251.987,197.573,0.008414,0.170211,ok
MinAdapt,16,hotspot,0.02,1337,868.229,598.979,494.653,0.000188,0.003871,ok
MinAdapt,16,hotspot,0.02,2024,886.505,613.835,524.836,0.000189,0.003877,ok
MinAdapt,16,hotspot,0.02,314,846.052,589.619,498.687,0.000189,0.003871,ok
MinAdapt,16,hotspot,0.02,17,858.887,618.443,527.159,0.000189,0.003893,ok
MinAdapt,16,hotspot,0.04,42,891.979,610.104,527.722,0.000188,0.003889,ok
MinAdapt,16,hotspot,0.04,2024,951.133,618.143,518.692,0.000191,0.003885,ok
MinAdapt,16,hotspot,0.04,1337,933.24,611.188,505.447,0.000188,0.003869,ok
MinAdapt,16,hotspot,0.08,42,989.082,665.979,547.872,0.000189,0.003791,ok
MinAdapt,16,hotspot,0.04,17,933.306,661.398,550.376,0.000191,0.003891,ok
MinAdapt,16,hotspot,0.04,314,927.385,636.052,552.658,0.000188,0.003879,ok
MinAdapt,16,hotspot,0.08,1337,976.918,635.351,540.397,0.000189,0.003883,ok
MinAdapt,16,hotspot,0.08,314,968.776,628.592,534.985,0.000191,0.003891,ok
MinAdapt,16,hotspot,0.08,2024,994.041,645.041,532.389,0.000191,0.003881,ok
MinAdapt,16,hotspot,0.08,17,962.381,628.072,543.648,0.000189,0.003895,ok
MinAdapt,16,transpose,0.01,42,257.822,181.197,128.034,0.005303,0.107551,ok
MinAdapt,16,transpose,0.01,1337,243.439,182.054,128.284,0.005439,0.110182,ok
MinAdapt,16,transpose,0.01,2024,257.564,189.55,135.148,0.005402,0.109725,ok
MinAdapt,16,transpose,0.005,42,207.406,182.581,138.338,0.004204,0.084606,ok
MinAdapt,16,transpose,0.005,17,222.213,189.074,143.218,0.004247,0.085483,ok
MinAdapt,16,transpose,0.005,1337,220.84,188.016,142.344,0.004246,0.085398,ok
MinAdapt,16,transpose,0.005,2024,210.046,183.916,140.729,0.00425,0.085535,ok
MinAdapt,16,transpose,0.005,314,228.665,193.367,145.972,0.004246,0.085428,ok
MinAdapt,16,transpose,0.01,314,256.542,182.905,128.472,0.005393,0.109506,ok
MinAdapt,16,transpose,0.01,17,246.866,184.138,130.421,0.00543,0.110246,ok
MinAdapt,16,transpose,0.02,42,389.475,183.199,125.198,0.006561,0.133156,ok
MinAdapt,16,transpose,0.02,1337,373.365,176.088,119.714,0.006543,0.132746,ok
MinAdapt,16,transpose,0.02,314,368.923,182.302,124.444,0.006559,0.133039,ok
MinAdapt,16,transpose,0.02,2024,395.741,179.139,122.204,0.00659,0.133437,ok
MinAdapt,16,transpose,0.02,17,374.34,178.729,122.947,0.006502,0.132049,ok
MinAdapt,16,transpose,0.04,42,498.323,157.253,106.2,0.008002,0.162107,ok
MinAdapt,16,transpose,0.04,1337,491.999,158.545,107.242,0.008006,0.162189,ok
MinAdapt,16,transpose,0.04,2024,502.334,159.746,108.87,0.007982,0.161695,ok
QRouting,4,uniform,0.005,42,38.9553,37.8658,17.0963,0.004891,0.097953,ok
QRouting,4,uniform,0.005,1337,38.9377,38.1246,17.5443,0.004766,0.095891,ok
QRouting,4,uniform,0.005,2024,39.7712,38.8529,17.8634,0.004781,0.095859,ok
QRouting,4,uniform,0.005,314,39.2719,38.2062,17.2196,0.005,0.100703,ok
QRouting,4,uniform,0.005,17,39.671,38.6808,17.7008,0.004797,0.096078,ok
QRouting,4,uniform,0.01,42,43.9872,41.7468,19.0506,0.00975,0.195578,ok
QRouting,4,uniform,0.01,1337,45.7716,43.5775,19.9432,0.009578,0.19175,ok
QRouting,4,uniform,0.01,2024,46.8216,43.9755,20.3586,0.009547,0.191844,ok
QRouting,4,uniform,0.01,314,48.5932,45.0776,20.76,0.010016,0.201063,ok
QRouting,4,uniform,0.01,17,46.1234,43.5633,19.8652,0.009625,0.193172,ok
QRouting,4,uniform,0.02,42,71.7171,58.5713,27.4806,0.019688,0.39575,ok
MinAdapt,16,transpose,0.04,314,500.249,160.024,108.16,0.007902,0.160121,ok
QRouting,4,uniform,0.02,1337,66.0692,56.3271,26.1552,0.019187,0.385484,ok
MinAdapt,16,transpose,0.08,42,686.091,150.477,100.993,0.008713,0.176498,ok
MinAdapt,16,transpose,0.04,17,501.988,160.622,108.994,0.008023,0.162389,ok
QRouting,4,uniform,0.02,2024,68.7053,56.0155,26.1492,0.020078,0.403187,ok
MinAdapt,16,transpose,0.08,1337,684.3,149.064,100.199,0.008719,0.176557,ok
QRouting,4,uniform,0.02,314,66.9808,57.1505,26.9728,0.019406,0.390594,ok
MinAdapt,16,transpose,0.08,2024,682.034,149.407,100.482,0.008705,0.176406,ok
QRouting,4,uniform,0.02,17,70.284,56.6966,26.3114,0.019281,0.387313,ok
QRouting,4,uniform,0.08,42,632.862,83.9594,43.2524,0.03,0.606,ok
QRouting,4,uniform,0.04,42,453.787,80.9418,41.1731,0.030344,0.611828,ok
QRouting,4,uniform,0.04,2024,489.322,82.1769,42.4129,0.030391,0.612125,ok
QRouting,4,uniform,0.04,1337,473.085,81.6751,41.5007,0.03025,0.608078,ok
QRouting,4,uniform,0.04,314,466.737,82.3157,43.0225,0.029797,0.599547,ok
QRouting,4,uniform,0.04,17,500.362,82.8019,42.9922,0.029969,0.604625,ok
QRouting,4,uniform,0.08,1337,626.079,83.1602,42.8663,0.030625,0.623281,ok
QRouting,4,hotspot,0.005,1337,289.402,242.515,186.535,0.003031,0.062,ok
QRouting,4,uniform,0.08,2024,623.169,85.0671,44.1899,0.029812,0.605156,ok
QRouting,4,hotspot,0.005,42,466.305,332.442,261.424,0.003078,0.062187,ok
QRouting,4,hotspot,0.005,2024,378.722,293.948,227.02,0.003031,0.062156,ok
QRouting,4,uniform,0.08,314,595.583,81.0856,41.6074,0.031031,0.629281,ok
QRouting,4,hotspot,0.01,42,549.155,361.742,282.652,0.003031,0.061937,ok
QRouting,4,hotspot,0.005,314,388.082,326.357,263.474,0.003063,0.061969,ok
MinAdapt,16,transpose,0.08,314,673.513,151.426,102.949,0.008713,0.176328,ok
QRouting,4,uniform,0.08,17,654.929,84.9217,45.1071,0.029531,0.599281,ok
QRouting,4,hotspot,0.01,2024,547.258,356.124,292.731,0.003031,0.062156,ok
QRouting,4,hotspot,0.005,17,456.614,325.675,261.309,0.003078,0.062203,ok
QRouting,4,hotspot,0.01,1337,519.072,376.722,303.078,0.003031,0.062,ok
QRouting,4,hotspot,0.01,314,591.959,413.755,326.944,0.003063,0.062,ok
QRouting,4,hotspot,0.01,17,480.796,368.02,286.829,0.003063,0.061906,ok
QRouting,4,hotspot,0.02,1337,741.255,416.827,337.71,0.003063,0.062312,ok
QRouting,4,hotspot,0.02,42,814.184,398.918,318.31,0.003063,0.062,ok
QRouting,4,hotspot,0.02,2024,715.753,408.423,340.408,0.003031,0.062,ok
QRouting,4,hotspot,0.02,17,763.265,454.551,362.908,0.003063,0.061875,ok
QRouting,4,hotspot,0.02,314,764.875,472.656,372.374,0.003,0.062,ok
QRouting,4,hotspot,0.04,2024,907.204,420.112,332.454,0.003063,0.062062,ok
QRouting,4,hotspot,0.04,17,902.582,468.908,374.75,0.003063,0.062,ok
QRouting,4,hotspot,0.08,42,950.454,420.515,332.739,0.003031,0.062125,ok
QRouting,4,hotspot,0.04,42,858.186,436.134,343.951,0.003031,0.062,ok
QRouting,4,hotspot,0.04,1337,895.184,441.153,346.239,0.003063,0.062312,ok
QRouting,4,hotspot,0.04,314,878.278,477.701,396.095,0.003031,0.061781,ok
QRouting,4,hotspot,0.08,314,941.194,394.847,308.858,0.003063,0.06225,ok
QRouting,4,hotspot,0.08,2024,950.531,404.939,313.654,0.003063,0.06225,ok
QRouting,4,transpose,0.005,42,37.1693,36.0479,16.3492,0.004891,0.098078,ok
QRouting,4,hotspot,0.08,17,954.788,452.899,361.814,0.003094,0.062312,ok
QRouting,4,hotspot,0.08,1337,974.545,453.626,365.304,0.003094,0.062312,ok
QRouting,4,transpose,0.005,1337,37.1732,36.5392,16.8519,0.004781,0.096312,ok
QRouting,4,transpose,0.005,17,38.0,37.2026,17.0396,0.004781,0.096016,ok
QRouting,4,transpose,0.005,2024,36.9412,36.1699,16.4383,0.004781,0.095906,ok
QRouting,4,transpose,0.005,314,37.053,35.9844,16.3319,0.005016,0.100672,ok
QRouting,4,transpose,0.01,2024,41.4111,39.0065,17.72,0.009578,0.192328,ok
QRouting,4,transpose,0.01,42,40.9919,38.7681,17.8242,0.009703,0.194953,ok
QRouting,4,transpose,0.01,1337,41.2594,38.9315,17.8306,0.009578,0.191812,ok
QRouting,4,transpose,0.01,314,41.2006,38.8694,17.6326,0.010031,0.201203,ok
QRouting,4,transpose,0.01,17,40.7261,38.3793,17.5682,0.009641,0.193484,ok
MinAdapt,16,transpose,0.08,17,676.928,148.609,100.533,0.008723,0.176701,ok
QRouting,4,transpose,0.02,42,55.6811,47.3189,21.9824,0.019734,0.396313,ok
QRouting,4,transpose,0.02,1337,52.7969,45.7173,21.0508,0.019203,0.384797,ok
QRouting,4,transpose,0.02,17,55.604,47.1823,21.9995,0.019297,0.38725,ok
QRouting,4,transpose,0.02,314,55.6677,46.2809,21.5387,0.019391,0.390797,ok
QRouting,4,transpose,0.02,2024,57.479,47.4651,21.9341,0.020094,0.403578,ok
QRouting,4,transpose,0.08,1337,513.74,63.1906,30.9573,0.037375,0.754188,ok
QRouting,4,transpose,0.08,42,509.742,61.7947,29.7791,0.037594,0.760375,ok
QRouting,4,transpose,0.08,2024,504.245,61.4712,29.7434,0.037469,0.757125,ok
QRouting,4,transpose,0.08,17,533.721,62.886,30.7001,0.037281,0.752844,ok
QRouting,4,transpose,0.04,42,292.781,64.3434,31.6346,0.033719,0.677078,ok
QRouting,4,transpose,0.08,314,503.097,63.0083,30.9281,0.037812,0.765531,ok
QRouting,8,uniform,0.005,42,58.7819,57.4483,32.3611,0.004836,0.096953,ok
QRouting,4,transpose,0.04,314,355.053,63.6923,30.5313,0.034938,0.702828,ok
QRouting,4,transpose,0.04,17,391.745,64.287,30.6392,0.0345,0.694312,ok
QRouting,8,uniform,0.005,1337,59.0689,57.7492,32.2723,0.004871,0.097703,ok
QRouting,4,transpose,0.04,2024,425.796,66.0087,30.7032,0.034438,0.692109,ok
QRouting,8,uniform,0.005,314,57.3259,56.2682,31.5383,0.004938,0.098953,ok
QRouting,4,transpose,0.04,1337,403.382,64.0734,30.7737,0.0345,0.694125,ok
QRouting,8,uniform,0.005,2024,59.1362,57.7091,32.1994,0.004844,0.097172,ok
QRouting,8,uniform,0.005,17,58.0932,56.7953,31.8473,0.004695,0.094191,ok
QRouting,8,uniform,0.01,42,80.9921,75.9675,42.4448,0.009816,0.197215,ok
QRouting,8,uniform,0.01,1337,78.7387,74.3203,41.2927,0.009469,0.190473,ok
QRouting,8,uniform,0.01,2024,79.6002,74.8988,41.992,0.009836,0.198168,ok
QRouting,8,uniform,0.01,314,79.7635,74.4911,41.5727,0.009875,0.198199,ok
QRouting,8,uniform,0.01,17,78.7427,73.723,40.8479,0.009508,0.191129,ok
QRouting,8,uniform,0.02,42,276.102,150.837,107.182,0.007234,0.144687,ok
QRouting,8,uniform,0.04,42,593.238,187.334,138.855,0.013734,0.279359,ok
QRouting,8,uniform,0.02,1337,436.018,166.499,119.417,0.014477,0.290633,ok
QRouting,8,uniform,0.04,1337,527.588,175.363,129.494,0.01357,0.27425,ok
QRouting,8,uniform,0.04,2024,615.537,185.178,135.958,0.014352,0.290727,ok
QRouting,8,uniform,0.02,2024,487.549,167.268,120.028,0.014461,0.291133,ok
QRouting,8,uniform,0.04,314,588.421,184.136,135.581,0.014094,0.284391,ok
QRouting,8,uniform,0.02,314,478.492,173.236,125.69,0.014176,0.285461,ok
QRouting,8,uniform,0.02,17,478.122,166.682,119.409,0.014785,0.297594,ok
QRouting,8,uniform,0.08,42,730.907,177.755,129.539,0.014625,0.294594,ok
QRouting,8,hotspot,0.005,42,647.072,544.753,474.949,0.000758,0.015531,ok
QRouting,8,uniform,0.04,17,552.145,178.762,131.247,0.013875,0.280773,ok
QRouting,8,hotspot,0.005,1337,653.381,593.196,496.564,0.000758,0.015453,ok
QRouting,8,uniform,0.08,2024,805.513,175.118,126.775,0.015422,0.312086,ok
QRouting,8,uniform,0.08,1337,755.235,180.563,131.959,0.014687,0.297055,ok
QRouting,8,uniform,0.08,314,715.526,183.923,134.827,0.013617,0.274719,ok
QRouting,8,hotspot,0.005,17,662.32,574.763,496.537,0.000758,0.015445,ok
QRouting,8,hotspot,0.005,2024,689.474,590.041,526.135,0.000758,0.015453,ok
QRouting,8,hotspot,0.005,314,640.392,535.567,451.667,0.000758,0.0155,ok
QRouting,8,hotspot,0.01,42,801.619,628.66,547.614,0.000758,0.015453,ok
QRouting,8,uniform,0.08,17,770.218,189.325,141.818,0.013477,0.272922,ok
QRouting,8,hotspot,0.01,2024,734.51,544.062,461.287,0.00075,0.015453,ok
QRouting,8,hotspot,0.01,1337,758.122,645.653,566.437,0.000766,0.015508,ok
QRouting,8,hotspot,0.01,314,803.34,536.443,460.921,0.000758,0.015461,ok
QRouting,8,hotspot,0.02,42,823.295,614.632,522.21,0.000742,0.015305,ok
QRouting,8,hotspot,0.01,17,714.412,569.206,473.024,0.000758,0.015461,ok
QRouting,8,hotspot,0.02,1337,895.969,611.361,531.0,0.000758,0.015578,ok
QRouting,8,hotspot,0.02,314,901.104,612.656,533.749,0.00075,0.015352,ok
QRouting,8,hotspot,0.02,17,846.649,621.918,532.247,0.000758,0.015445,ok
QRouting,8,hotspot,0.04,42,944.959,621.684,526.648,0.000766,0.015531,ok
QRouting,8,hotspot,0.02,2024,824.802,603.427,545.797,0.00075,0.015516,ok
QRouting,8,hotspot,0.04,2024,943.278,634.227,561.106,0.000758,0.015516,ok
QRouting,8,hotspot,0.04,1337,890.959,558.866,473.076,0.000758,0.015562,ok
QRouting,8,hotspot,0.04,314,963.98,642.596,550.37,0.000773,0.015555,ok
QRouting,8,hotspot,0.04,17,946.604,633.312,551.355,0.00075,0.015445,ok
QRouting,8,hotspot,0.08,1337,972.526,649.347,579.105,0.000742,0.01525,ok
QRouting,8,hotspot,0.08,42,976.796,613.306,537.499,0.000766,0.015531,ok
QRouting,8,hotspot,0.08,314,982.897,584.299,492.545,0.000758,0.015469,ok
QRouting,8,hotspot,0.08,2024,978.704,631.184,539.448,0.000766,0.015531,ok
QRouting,8,hotspot,0.08,17,985.806,615.286,529.024,0.000766,0.015578,ok
QRouting,8,transpose,0.005,42,54.4234,53.3815,30.074,0.004844,0.097027,ok
QRouting,8,transpose,0.005,1337,55.7424,54.7745,31.1365,0.004863,0.097527,ok
QRouting,8,transpose,0.005,2024,55.8378,54.4907,30.7681,0.00484,0.09707,ok
QRouting,8,transpose,0.005,314,56.1774,54.7744,30.6235,0.004953,0.099324,ok
QRouting,8,transpose,0.005,17,56.7794,55.438,31.5827,0.004691,0.094117,ok
QRouting,8,transpose,0.01,42,74.7938,70.0489,39.3036,0.009816,0.197223,ok
QRouting,8,transpose,0.01,1337,71.838,68.4225,38.6799,0.009508,0.190625,ok
QRouting,8,transpose,0.01,2024,75.8985,71.5751,40.4502,0.009848,0.198187,ok
QRouting,8,transpose,0.01,314,77.1784,72.6207,41.6892,0.009836,0.197512,ok
QRouting,8,transpose,0.01,17,73.2869,69.3844,38.9136,0.009539,0.191602,ok
QRouting,8,transpose,0.04,42,406.757,124.649,82.6475,0.020094,0.407219,ok
QRouting,8,transpose,0.04,1337,393.329,123.12,81.9139,0.02018,0.408687,ok
QRouting,8,transpose,0.04,2024,396.215,120.961,79.1007,0.020516,0.415508,ok
QRouting,8,transpose,0.02,2024,373.397,132.95,89.2979,0.016301,0.328281,ok
QRouting,8,transpose,0.02,1337,326.88,131.433,87.6006,0.016063,0.323102,ok
QRouting,8,transpose,0.02,42,321.645,127.168,84.2809,0.016426,0.330566,ok
QRouting,8,transpose,0.02,17,324.219,126.986,84.4597,0.016223,0.326492,ok
QRouting,8,transpose,0.04,314,390.744,119.133,77.5363,0.020227,0.409875,ok
QRouting,8,transpose,0.02,314,301.293,125.265,82.6911,0.016113,0.324293,ok
QRouting,8,transpose,0.04,17,408.941,121.956,80.2477,0.019953,0.404828,ok
QRouting,8,transpose,0.08,42,655.784,117.277,76.4358,0.021492,0.43568,ok
QRouting,8,transpose,0.08,1337,657.521,119.073,78.1495,0.021875,0.443219,ok
QRouting,8,transpose,0.08,2024,645.135,116.604,75.8226,0.021914,0.444727,ok
QRouting,8,transpose,0.08,17,644.285,119.55,78.7609,0.021477,0.435437,ok
QRouting,8,transpose,0.08,314,640.148,118.501,77.4144,0.021773,0.441219,ok
QRouting,16,uniform,0.005,17,108.536,106.515,70.4144,0.004823,0.09715,ok
QRouting,16,uniform,0.01,1337,228.01,197.4,154.063,0.004674,0.093496,ok
QRouting,16,uniform,0.01,42,285.692,234.505,188.538,0.005121,0.102422,ok
QRouting,16,uniform,0.005,42,111.172,109.098,72.3092,0.004852,0.097649,ok
QRouting,16,uniform,0.01,2024,294.795,246.495,202.576,0.005236,0.105373,ok
QRouting,16,uniform,0.005,2024,110.705,108.556,72.5543,0.004755,0.095831,ok
QRouting,16,uniform,0.005,1337,112.157,109.951,74.0931,0.004826,0.09722,ok
QRouting,16,uniform,0.005,314,113.337,111.242,75.3687,0.004829,0.097308,ok
QRouting,16,uniform,0.02,42,397.346,290.514,241.836,0.003623,0.072461,ok
QRouting,16,uniform,0.02,17,325.46,250.425,204.204,0.002926,0.058516,ok
QRouting,16,uniform,0.01,17,284.064,237.61,192.874,0.005088,0.101975,ok
QRouting,16,uniform,0.02,2024,425.971,316.829,270.293,0.003619,0.072682,ok
QRouting,16,uniform,0.04,42,353.573,253.754,208.13,0.002521,0.05043,ok
QRouting,16,uniform,0.02,314,406.527,297.702,247.165,0.003869,0.077383,ok
QRouting,16,uniform,0.01,314,287.846,246.483,201.031,0.005053,0.101146,ok
QRouting,16,uniform,0.02,1337,439.717,310.785,260.961,0.004033,0.081156,ok
QRouting,16,uniform,0.04,1337,311.48,227.514,181.771,0.002281,0.045625,ok
QRouting,16,uniform,0.08,1337,282.626,195.611,153.446,0.001963,0.039258,ok
QRouting,16,uniform,0.08,2024,347.101,230.119,183.002,0.002305,0.046094,ok
QRouting,16,uniform,0.04,17,368.169,246.151,199.798,0.002646,0.05293,ok
QRouting,16,uniform,0.04,314,440.816,295.431,244.751,0.003078,0.061562,ok
QRouting,16,uniform,0.04,2024,439.221,293.897,244.315,0.003084,0.06168,ok
QRouting,16,uniform,0.08,314,493.538,302.877,252.79,0.003008,0.060156,ok
QRouting,16,uniform,0.08,42,509.409,315.806,264.742,0.003082,0.061641,ok
QRouting,16,hotspot,0.005,42,815.194,761.306,680.446,0.000191,0.003887,ok
QRouting,16,hotspot,0.005,1337,802.092,753.531,660.22,0.000191,0.003861,ok
QRouting,16,hotspot,0.005,2024,865.186,792.361,707.2,0.000189,0.003859,ok
QRouting,16,hotspot,0.005,17,809.124,734.515,651.443,0.000189,0.003852,ok
QRouting,16,hotspot,0.005,314,865.816,785.673,699.179,0.000191,0.003873,ok
QRouting,16,hotspot,0.01,1337,856.268,711.711,625.582,0.000189,0.003863,ok
QRouting,16,hotspot,0.01,42,860.289,739.505,649.06,0.000189,0.003887,ok
QRouting,16,uniform,0.08,17,616.661,367.413,312.512,0.003549,0.071252,ok
QRouting,16,hotspot,0.01,2024,846.5,724.561,641.448,0.000191,0.003877,ok
QRouting,16,hotspot,0.01,17,873.465,728.263,621.529,0.000193,0.003885,ok
QRouting,16,hotspot,0.01,314,858.34,753.412,661.761,0.000189,0.003855,ok
QRouting,16,hotspot,0.02,1337,921.959,706.918,610.575,0.000191,0.003861,ok
QRouting,16,hotspot,0.02,42,965.694,797.929,696.523,0.000191,0.003887,ok
QRouting,16,hotspot,0.02,2024,938.602,781.347,701.093,0.000191,0.003877,ok
QRouting,16,hotspot,0.02,314,964.582,755.439,672.144,0.000191,0.003873,ok
QRouting,16,hotspot,0.02,17,934.175,757.907,678.893,0.000189,0.003893,ok
QRouting,16,hotspot,0.04,42,953.52,788.347,690.478,0.000191,0.003889,ok
QRouting,16,hotspot,0.04,1337,960.49,701.167,628.634,0.000188,0.003869,ok
QRouting,16,hotspot,0.04,2024,944.796,711.14,641.794,0.000182,0.003779,ok
QRouting,16,hotspot,0.04,314,987.122,770.98,697.11,0.000191,0.003879,ok
QRouting,16,hotspot,0.04,17,946.351,741.464,642.821,0.000189,0.003891,ok
QRouting,16,hotspot,0.08,42,993.959,751.773,663.955,0.000189,0.003791,ok
QRouting,16,hotspot,0.08,1337,1003.87,814.306,721.954,0.000191,0.003879,ok
QRouting,16,hotspot,0.08,2024,994.041,752.612,654.656,0.000191,0.003881,ok
QRouting,16,hotspot,0.08,314,987.296,745.949,661.929,0.000191,0.003893,ok
QRouting,16,hotspot,0.08,17,972.443,751.691,677.213,0.000189,0.003895,ok
QRouting,16,transpose,0.005,42,117.557,114.821,79.8407,0.004818,0.09708,ok
QRouting,16,transpose,0.005,1337,120.771,117.864,82.2443,0.004835,0.097241,ok
QRouting,16,transpose,0.005,2024,116.514,113.944,80.3373,0.004736,0.095427,ok
QRouting,16,transpose,0.005,314,113.161,110.77,76.0821,0.004845,0.097533,ok
QRouting,16,transpose,0.005,17,115.643,113.609,79.8128,0.004803,0.096627,ok
QRouting,16,transpose,0.01,42,244.253,192.717,145.792,0.007223,0.146564,ok
QRouting,16,transpose,0.01,1337,237.848,198.53,151.65,0.007076,0.143664,ok
QRouting,16,transpose,0.01,2024,236.722,190.517,145.393,0.007092,0.14377,ok
QRouting,16,transpose,0.01,314,237.696,194.109,148.495,0.007215,0.146727,ok
QRouting,16,transpose,0.01,17,244.869,197.287,151.098,0.007088,0.143723,ok
QRouting,16,transpose,0.02,42,376.07,210.482,160.252,0.009211,0.18668,ok
QRouting,16,transpose,0.02,1337,390.127,217.208,165.263,0.009176,0.186379,ok
QRouting,16,transpose,0.02,2024,385.194,211.614,160.064,0.009295,0.188627,ok
QRouting,16,transpose,0.02,314,367.603,204.763,153.986,0.009209,0.186828,ok
QRouting,16,transpose,0.02,17,380.728,214.548,162.62,0.009193,0.186846,ok
QRouting,16,transpose,0.04,42,531.442,202.05,152.255,0.011102,0.224902,ok
QRouting,16,transpose,0.04,1337,525.895,198.44,148.315,0.010959,0.222213,ok
QRouting,16,transpose,0.04,2024,537.456,196.801,146.75,0.011035,0.223461,ok
DDDQN,4,uniform,0.005,42,39.6262,38.4249,17.6771,0.004891,0.097953,ok
DDDQN,4,uniform,0.005,1337,38.3225,37.6482,17.1911,0.004797,0.096312,ok
DDDQN,4,uniform,0.005,2024,40.0065,39.3366,18.3363,0.004781,0.095922,ok
DDDQN,4,uniform,0.005,314,37.9097,36.9533,16.605,0.005016,0.100734,ok
DDDQN,4,uniform,0.005,17,38.9444,37.951,17.6152,0.004781,0.095969,ok
DDDQN,4,uniform,0.01,42,43.7127,41.6003,18.9544,0.009734,0.195391,ok
DDDQN,4,uniform,0.01,1337,44.1209,41.8529,19.434,0.009562,0.191609,ok
DDDQN,4,uniform,0.01,2024,44.7119,41.874,19.5236,0.009547,0.191766,ok
DDDQN,4,uniform,0.01,314,43.7094,41.1781,18.9258,0.009984,0.201141,ok
DDDQN,4,uniform,0.01,17,43.4058,41.7565,19.4773,0.009625,0.193297,ok
DDDQN,4,uniform,0.02,42,62.4545,52.5123,24.465,0.019703,0.396297,ok
QRouting,16,transpose,0.04,314,535.82,203.236,153.061,0.010852,0.22017,ok
DDDQN,4,uniform,0.02,1337,60.2972,51.7704,24.1008,0.019156,0.384422,ok
DDDQN,4,uniform,0.02,2024,64.8636,55.0287,25.7693,0.020125,0.403484,ok
QRouting,16,transpose,0.04,17,523.54,198.7,148.864,0.010906,0.221139,ok
DDDQN,4,uniform,0.02,314,62.9599,53.4451,25.2022,0.019422,0.390891,ok
DDDQN,4,uniform,0.02,17,65.8715,55.9951,26.4582,0.019281,0.387125,ok
DDDQN,4,uniform,0.04,42,425.941,82.1635,42.2025,0.031531,0.635094,ok
QRouting,16,transpose,0.08,42,740.235,193.946,145.285,0.011762,0.238182,ok
QRouting,16,transpose,0.08,2024,718.123,189.853,141.244,0.011522,0.233529,ok
DDDQN,4,uniform,0.04,1337,351.929,79.732,40.1844,0.032297,0.651188,ok
DDDQN,4,uniform,0.04,2024,413.08,83.1324,43.1251,0.032219,0.647984,ok
QRouting,16,transpose,0.08,1337,721.717,194.148,145.617,0.011672,0.236518,ok
DDDQN,4,uniform,0.08,42,611.198,81.5779,41.4836,0.0325,0.658656,ok
QRouting,16,transpose,0.08,314,704.187,192.129,143.635,0.011668,0.236627,ok
DDDQN,4,uniform,0.08,1337,606.258,79.3601,39.7329,0.032281,0.655,ok
DDDQN,4,uniform,0.04,17,401.497,81.5506,42.1788,0.031813,0.639969,ok
DDDQN,4,uniform,0.04,314,413.088,81.0923,41.5234,0.031828,0.640594,ok
DDDQN,4,uniform,0.08,2024,591.9,83.628,43.246,0.0315,0.639875,ok
DDDQN,4,uniform,0.08,314,608.246,83.2573,42.7555,0.031938,0.646719,ok
DDDQN,4,hotspot,0.005,314,359.357,303.01,241.288,0.003063,0.061969,ok
DDDQN,4,hotspot,0.005,2024,399.245,296.643,237.828,0.003063,0.062156,ok
DDDQN,4,hotspot,0.005,1337,311.268,268.794,211.355,0.003031,0.062,ok
DDDQN,4,uniform,0.08,17,590.537,80.4995,41.0164,0.032844,0.665844,ok
DDDQN,4,hotspot,0.005,42,494.823,393.293,317.515,0.003094,0.062203,ok
DDDQN,4,hotspot,0.005,17,445.545,325.677,257.059,0.003094,0.062203,ok
DDDQN,4,hotspot,0.01,42,534.031,419.773,347.341,0.003031,0.061937,ok
DDDQN,4,hotspot,0.01,2024,542.449,404.735,322.746,0.003063,0.062156,ok
DDDQN,4,hotspot,0.01,314,596.495,415.278,326.403,0.003031,0.062,ok
DDDQN,4,hotspot,0.01,1337,553.206,410.041,323.406,0.003031,0.062,ok
DDDQN,4,hotspot,0.01,17,480.485,408.557,329.107,0.003031,0.061906,ok
DDDQN,4,hotspot,0.02,42,763.825,421.784,337.139,0.003031,0.062,ok
DDDQN,4,hotspot,0.02,2024,721.99,450.639,371.895,0.003031,0.062062,ok
DDDQN,4,hotspot,0.02,314,772.103,424.753,342.675,0.003031,0.062,ok
DDDQN,4,hotspot,0.02,17,710.082,438.825,353.855,0.003031,0.061906,ok
DDDQN,4,hotspot,0.02,1337,752.276,439.918,367.981,0.003063,0.062312,ok
DDDQN,4,hotspot,0.04,1337,896.704,465.551,375.862,0.003063,0.062312,ok
DDDQN,4,hotspot,0.04,42,874.98,469.49,386.513,0.003063,0.062,ok
DDDQN,4,hotspot,0.04,2024,893.337,414.551,338.16,0.003063,0.062062,ok
DDDQN,4,hotspot,0.04,314,862.01,461.897,377.57,0.003031,0.061719,ok
DDDQN,4,hotspot,0.04,17,896.071,455.755,368.95,0.003063,0.062,ok
DDDQN,4,hotspot,0.08,1337,942.66,446.454,374.927,0.003031,0.062312,ok
DDDQN,4,hotspot,0.08,42,954.52,472.204,391.562,0.003063,0.062125,ok
DDDQN,4,hotspot,0.08,2024,930.175,485.526,405.527,0.003031,0.06225,ok
DDDQN,4,hotspot,0.08,314,941.536,481.66,382.265,0.003031,0.06225,ok
DDDQN,4,hotspot,0.08,17,953.429,454.959,365.392,0.003063,0.062312,ok
DDDQN,4,transpose,0.005,42,36.5623,35.5176,16.025,0.004891,0.098078,ok
DDDQN,4,transpose,0.005,1337,37.2712,36.6046,16.9191,0.004781,0.096172,ok
DDDQN,4,transpose,0.005,17,36.9052,35.866,16.3083,0.004781,0.096016,ok
DDDQN,4,transpose,0.005,2024,36.6863,35.6699,16.207,0.004781,0.095906,ok
DDDQN,4,transpose,0.005,314,37.0218,35.8723,16.4789,0.004984,0.100656,ok
DDDQN,4,transpose,0.01,42,40.0097,37.8502,17.5148,0.009703,0.195094,ok
DDDQN,4,transpose,0.01,1337,38.7096,36.6248,16.5592,0.009578,0.191812,ok
DDDQN,4,transpose,0.01,314,39.8203,37.5453,17.1345,0.01,0.200984,ok
DDDQN,4,transpose,0.01,2024,40.3534,38.1954,17.4088,0.009594,0.192172,ok
DDDQN,4,transpose,0.01,17,39.6548,37.4473,17.2821,0.009641,0.193562,ok
DDDQN,4,transpose,0.02,42,53.0173,42.4583,19.5413,0.019813,0.397703,ok
DDDQN,4,transpose,0.02,1337,49.0462,41.8792,19.3413,0.01925,0.385813,ok
DDDQN,4,transpose,0.02,314,50.8688,43.0525,19.8724,0.019563,0.392516,ok
DDDQN,4,transpose,0.02,2024,50.3308,42.4129,19.3637,0.020125,0.403391,ok
DDDQN,4,transpose,0.02,17,49.1683,41.7994,18.9768,0.019297,0.387313,ok
DDDQN,4,transpose,0.08,42,513.289,59.0319,27.5103,0.039156,0.791156,ok
DDDQN,4,transpose,0.08,1337,489.308,58.2557,27.0235,0.039594,0.801094,ok
QRouting,16,transpose,0.08,17,726.897,195.191,146.724,0.011623,0.235822,ok
DDDQN,4,transpose,0.04,1337,260.793,56.6812,26.2746,0.036172,0.727187,ok
DDDQN,4,transpose,0.08,314,495.139,59.7118,28.115,0.039469,0.797,ok
DDDQN,4,transpose,0.08,2024,494.731,58.6456,27.1958,0.0395,0.796,ok
DDDQN,4,transpose,0.04,42,294.667,57.6432,26.9283,0.036406,0.732578,ok
DDDQN,4,transpose,0.04,2024,253.877,59.5101,27.5144,0.036484,0.731953,ok
DDDQN,4,transpose,0.08,17,505.455,58.6545,27.2651,0.03925,0.793687,ok
DDDQN,4,transpose,0.04,314,248.796,57.8673,26.8529,0.035953,0.72275,ok
DDDQN,4,transpose,0.04,17,257.499,57.1457,26.7432,0.036687,0.738453,ok
DDDQN,8,uniform,0.005,42,54.6181,53.7298,30.8021,0.004828,0.097023,ok
DDDQN,8,uniform,0.005,1337,54.0008,52.8855,30.2285,0.004875,0.097617,ok
DDDQN,8,uniform,0.005,2024,54.0816,53.0606,30.4495,0.004836,0.097219,ok
DDDQN,8,uniform,0.005,17,54.6846,53.4199,30.5942,0.004703,0.094301,ok
DDDQN,8,uniform,0.005,314,55.4803,54.1216,30.9764,0.004945,0.099016,ok
DDDQN,8,uniform,0.01,1337,67.4647,64.4753,35.8008,0.009496,0.190957,ok
DDDQN,8,uniform,0.01,42,69.563,65.8852,36.4874,0.009828,0.197613,ok
DDDQN,8,uniform,0.01,2024,68.0568,65.0347,36.1626,0.009883,0.198621,ok
DDDQN,8,uniform,0.01,17,66.355,63.3182,35.1353,0.009543,0.19152,ok
DDDQN,8,uniform,0.01,314,71.2531,67.6214,37.7751,0.009852,0.198238,ok
DDDQN,8,uniform,0.04,42,512.846,149.511,101.334,0.019453,0.395711,ok
DDDQN,8,uniform,0.04,1337,496.781,149.067,101.626,0.019516,0.396094,ok
DDDQN,8,uniform,0.04,2024,517.439,151.165,103.153,0.019328,0.393023,ok
DDDQN,8,uniform,0.02,42,253.35,124.331,82.0289,0.018422,0.370711,ok
DDDQN,8,uniform,0.04,314,517.8,149.725,101.759,0.019148,0.390125,ok
DDDQN,8,uniform,0.02,17,199.882,117.037,73.1009,0.018578,0.374039,ok
DDDQN,8,uniform,0.02,1337,222.637,117.762,74.4517,0.018234,0.367723,ok
DDDQN,8,uniform,0.04,17,494.423,143.65,96.1542,0.019781,0.401195,ok
DDDQN,8,uniform,0.08,42,785.994,155.981,107.217,0.01925,0.390266,ok
DDDQN,8,uniform,0.02,2024,280.177,126.145,82.2729,0.018609,0.375355,ok
DDDQN,8,hotspot,0.005,42,622.167,550.167,479.474,0.00075,0.015523,ok
DDDQN,8,hotspot,0.005,1337,658.742,564.856,488.299,0.000758,0.015453,ok
DDDQN,8,uniform,0.02,314,203.564,118.259,79.1921,0.018465,0.372328,ok
DDDQN,8,hotspot,0.005,2024,663.278,599.216,514.731,0.000758,0.015453,ok
DDDQN,8,hotspot,0.005,314,685.5,585.592,510.483,0.000766,0.0155,ok
DDDQN,8,hotspot,0.005,17,691.567,560.196,490.249,0.000758,0.015445,ok
DDDQN,8,uniform,0.08,1337,762.629,153.863,105.735,0.019406,0.394305,ok
DDDQN,8,hotspot,0.01,2024,724.625,579.344,499.962,0.00075,0.015391,ok
DDDQN,8,hotspot,0.01,42,819.763,602.186,508.505,0.000758,0.015531,ok
DDDQN,8,hotspot,0.01,1337,768.289,595.99,530.729,0.000758,0.015508,ok
DDDQN,8,hotspot,0.01,314,790.351,629.68,540.112,0.000758,0.015461,ok
DDDQN,8,hotspot,0.01,17,788.381,605.113,538.775,0.000758,0.015469,ok
DDDQN,8,hotspot,0.02,42,888.49,601.844,530.743,0.00075,0.015531,ok
DDDQN,8,hotspot,0.02,1337,852.153,556.837,487.946,0.000766,0.015578,ok
DDDQN,8,hotspot,0.02,2024,860.292,609.677,535.913,0.00075,0.015516,ok
DDDQN,8,uniform,0.08,2024,754.191,152.162,103.598,0.019383,0.393875,ok
DDDQN,8,uniform,0.08,314,750.072,148.917,100.872,0.019617,0.398336,ok
DDDQN,8,uniform,0.08,17,767.466,155.246,107.025,0.01893,0.383719,ok
DDDQN,8,hotspot,0.02,314,862.371,629.474,553.051,0.000758,0.015469,ok
DDDQN,8,hotspot,0.02,17,889.515,673.454,580.933,0.000758,0.015445,ok
DDDQN,8,hotspot,0.04,42,955.111,659.283,570.046,0.000773,0.015531,ok
DDDQN,8,hotspot,0.04,1337,950.323,606.949,515.817,0.000773,0.015578,ok
DDDQN,8,hotspot,0.04,2024,949.67,636.062,561.882,0.000758,0.015516,ok
DDDQN,8,hotspot,0.04,314,953.0,640.031,544.102,0.000766,0.015555,ok
DDDQN,8,hotspot,0.04,17,965.429,575.061,482.107,0.000766,0.015406,ok
DDDQN,8,hotspot,0.08,1337,997.928,614.845,522.413,0.000758,0.01525,ok
DDDQN,8,hotspot,0.08,2024,988.806,625.388,541.168,0.000766,0.015531,ok
DDDQN,8,hotspot,0.08,42,992.908,615.224,524.132,0.000766,0.015531,ok
DDDQN,8,hotspot,0.08,314,982.34,612.722,539.465,0.000758,0.015523,ok
DDDQN,8,hotspot,0.08,17,972.557,544.835,482.679,0.000758,0.015578,ok
DDDQN,8,transpose,0.005,42,54.3108,53.289,30.23,0.004852,0.097238,ok
DDDQN,8,transpose,0.005,1337,53.9016,52.5808,29.9896,0.004879,0.097641,ok
DDDQN,8,transpose,0.005,2024,54.2969,53.1384,30.6878,0.004855,0.097172,ok
DDDQN,8,transpose,0.005,314,53.5083,52.5408,29.91,0.004934,0.099215,ok
DDDQN,8,transpose,0.005,17,52.3744,51.3735,29.5714,0.004695,0.094102,ok
DDDQN,8,transpose,0.01,42,64.3345,61.6905,34.3322,0.009813,0.197621,ok
DDDQN,8,transpose,0.01,1337,63.0538,60.0197,33.5447,0.009512,0.190801,ok
DDDQN,8,transpose,0.01,2024,63.7303,60.5418,33.3979,0.009895,0.198746,ok
DDDQN,8,transpose,0.01,17,63.9428,60.9886,33.9582,0.009555,0.191754,ok
DDDQN,8,transpose,0.01,314,66.3476,62.8207,35.2129,0.009879,0.198219,ok
DDDQN,8,transpose,0.04,42,394.112,125.588,82.8908,0.021367,0.433125,ok
DDDQN,8,transpose,0.04,2024,398.122,126.065,83.3706,0.021523,0.436836,ok
DDDQN,8,transpose,0.04,1337,396.906,128.545,85.6211,0.021125,0.428398,ok
DDDQN,8,transpose,0.04,314,391.531,125.557,83.49,0.021336,0.43307,ok
DDDQN,8,transpose,0.04,17,392.176,126.121,83.946,0.021313,0.432328,ok
DDDQN,8,transpose,0.08,42,660.85,122.02,80.7393,0.022805,0.462352,ok
DDDQN,8,transpose,0.02,2024,383.058,118.193,76.3754,0.018,0.362605,ok
DDDQN,8,transpose,0.02,1337,311.56,112.477,73.7545,0.017594,0.354906,ok
DDDQN,8,transpose,0.02,42,343.103,116.766,76.6291,0.018004,0.363129,ok
DDDQN,8,transpose,0.02,314,343.776,114.966,75.8662,0.017602,0.354867,ok
DDDQN,8,transpose,0.02,17,334.176,117.239,75.2971,0.017664,0.3555,ok
DDDQN,8,transpose,0.08,1337,646.794,122.513,81.0144,0.02293,0.464367,ok
DDDQN,8,transpose,0.08,314,643.875,121.696,80.36,0.023023,0.46668,ok
DDDQN,8,transpose,0.08,2024,649.424,123.459,82.007,0.022922,0.464531,ok
DDDQN,8,transpose,0.08,17,645.877,123.714,82.0907,0.022898,0.463383,ok
DDDQN,16,uniform,0.005,1337,90.01,88.7575,58.9504,0.004862,0.097734,ok
DDDQN,16,uniform,0.005,2024,90.4337,89.0998,58.9656,0.004793,0.096343,ok
DDDQN,16,uniform,0.005,42,92.5942,91.0806,60.1611,0.00488,0.098061,ok
DDDQN,16,uniform,0.005,314,91.4071,90.0305,59.48,0.004867,0.097857,ok
DDDQN,16,uniform,0.005,17,91.2032,89.7475,59.5175,0.004831,0.097261,ok
DDDQN,16,uniform,0.02,1337,431.69,306.148,257.145,0.005906,0.118332,ok
DDDQN,16,uniform,0.02,42,470.784,324.014,274.04,0.006555,0.131596,ok
DDDQN,16,uniform,0.02,2024,494.571,348.42,299.484,0.006029,0.120877,ok
DDDQN,16,uniform,0.02,17,388.024,286.066,237.899,0.005334,0.10668,ok
DDDQN,16,uniform,0.04,42,592.949,384.645,335.942,0.004809,0.096844,ok
DDDQN,16,uniform,0.02,314,472.231,334.899,285.204,0.006121,0.122715,ok
DDDQN,16,uniform,0.01,2024,274.322,230.938,184.228,0.008788,0.176949,ok
DDDQN,16,uniform,0.01,1337,233.302,202.525,157.102,0.008817,0.177456,ok
DDDQN,16,uniform,0.01,42,293.426,240.575,193.476,0.008626,0.173451,ok
DDDQN,16,uniform,0.04,1337,688.566,424.371,372.503,0.005297,0.106475,ok
DDDQN,16,uniform,0.04,2024,679.572,407.146,355.833,0.005654,0.113945,ok
DDDQN,16,uniform,0.04,314,625.683,385.43,333.628,0.005523,0.110695,ok
DDDQN,16,uniform,0.08,42,641.345,381.376,330.994,0.004564,0.091416,ok
DDDQN,16,uniform,0.04,17,578.951,353.505,302.431,0.00508,0.101602,ok
DDDQN,16,uniform,0.08,1337,632.329,351.028,299.618,0.004658,0.093322,ok
DDDQN,16,hotspot,0.005,42,836.165,747.206,679.904,0.000189,0.003887,ok
DDDQN,16,hotspot,0.005,1337,788.5,721.969,655.054,0.000188,0.003861,ok
DDDQN,16,uniform,0.01,17,246.012,212.13,166.369,0.008888,0.178917,ok
DDDQN,16,hotspot,0.005,2024,853.629,773.567,690.718,0.000189,0.003859,ok
DDDQN,16,hotspot,0.005,17,840.875,754.667,676.949,0.000188,0.003852,ok
DDDQN,16,hotspot,0.005,314,783.196,716.371,647.984,0.000189,0.003873,ok
DDDQN,16,uniform,0.01,314,283.886,224.846,250.364,0.008982,0.180914,ok
DDDQN,16,hotspot,0.01,42,831.443,760.412,671.08,0.000189,0.003887,ok
DDDQN,16,uniform,0.08,2024,733.936,390.192,339.137,0.005461,0.109693,ok
DDDQN,16,hotspot,0.01,1337,867.235,800.857,701.739,0.000191,0.003863,ok
DDDQN,16,uniform,0.08,17,630.059,367.961,316.265,0.004662,0.09335,ok
DDDQN,16,uniform,0.08,314,765.153,415.91,362.23,0.005158,0.103328,ok
DDDQN,16,hotspot,0.01,2024,842.701,745.773,647.86,0.000189,0.003877,ok
DDDQN,16,hotspot,0.01,314,892.765,776.918,685.468,0.000191,0.003861,ok
DDDQN,16,hotspot,0.01,17,870.072,783.34,682.427,0.000189,0.003885,ok
DDDQN,16,hotspot,0.02,42,967.469,800.306,702.766,0.000191,0.003887,ok
DDDQN,16,hotspot,0.02,2024,948.134,801.588,712.227,0.000189,0.003877,ok
DDDQN,16,hotspot,0.02,1337,954.309,780.722,684.056,0.000189,0.003863,ok
DDDQN,16,hotspot,0.02,314,960.557,770.866,711.591,0.000189,0.003873,ok
DDDQN,16,hotspot,0.02,17,932.306,808.163,721.55,0.000191,0.003893,ok
DDDQN,16,hotspot,0.04,42,968.857,776.571,693.61,0.000191,0.003889,ok
DDDQN,16,hotspot,0.04,1337,969.745,772.02,676.231,0.000191,0.003873,ok
DDDQN,16,hotspot,0.04,2024,928.226,728.688,662.552,0.000182,0.003779,ok
DDDQN,16,hotspot,0.04,314,969.602,783.806,706.409,0.000191,0.003879,ok
DDDQN,16,hotspot,0.08,42,1002.0,752.825,668.363,0.000189,0.003791,ok
DDDQN,16,hotspot,0.04,17,939.423,732.278,637.785,0.000189,0.003891,ok
DDDQN,16,hotspot,0.08,2024,1000.46,785.867,669.672,0.000191,0.003881,ok
DDDQN,16,hotspot,0.08,1337,1006.81,776.755,681.772,0.000191,0.003879,ok
DDDQN,16,hotspot,0.08,314,988.155,773.515,704.964,0.000189,0.003887,ok
DDDQN,16,hotspot,0.08,17,974.227,763.711,695.983,0.000189,0.003895,ok
DDDQN,16,transpose,0.005,42,95.378,93.7513,62.1153,0.004865,0.097835,ok
DDDQN,16,transpose,0.005,2024,93.555,92.0212,60.7423,0.004784,0.096267,ok
DDDQN,16,transpose,0.005,1337,95.1786,93.6123,61.9227,0.00486,0.097806,ok
DDDQN,16,transpose,0.005,314,94.8029,93.344,61.9268,0.004875,0.097902,ok
DDDQN,16,transpose,0.005,17,96.9207,95.3894,63.5285,0.004821,0.097142,ok
DDDQN,16,transpose,0.02,1337,405.0,234.386,180.489,0.009758,0.198186,ok
DDDQN,16,transpose,0.02,42,411.497,231.46,176.707,0.009893,0.201104,ok
DDDQN,16,transpose,0.02,2024,413.77,230.855,177.4,0.0099,0.201246,ok
DDDQN,16,transpose,0.01,42,338.275,233.678,181.645,0.00832,0.16766,ok
DDDQN,16,transpose,0.01,1337,318.333,230.568,178.626,0.008221,0.165724,ok
DDDQN,16,transpose,0.01,2024,335.127,233.844,181.682,0.008312,0.167491,ok
DDDQN,16,transpose,0.01,314,337.944,235.837,183.061,0.008282,0.166875,ok
DDDQN,16,transpose,0.01,17,330.17,232.424,180.676,0.00825,0.166359,ok
DDDQN,16,transpose,0.02,314,408.506,233.902,179.974,0.009879,0.200537,ok
DDDQN,16,transpose,0.02,17,417.388,236.394,182.599,0.009787,0.19891,ok
DDDQN,16,transpose,0.04,2024,558.875,217.671,166.729,0.011613,0.235693,ok
DDDQN,16,transpose,0.04,42,563.292,219.312,167.055,0.011566,0.234529,ok
DDDQN,16,transpose,0.04,1337,550.1,216.073,164.947,0.011578,0.234824,ok
CreditMinAdapt,4,uniform,0.005,42,39.6262,38.4249,17.6771,0.004891,0.097953,ok
CreditMinAdapt,4,uniform,0.005,1337,38.3225,37.6482,17.1911,0.004797,0.096312,ok
CreditMinAdapt,4,uniform,0.005,2024,40.0065,39.3366,18.3363,0.004781,0.095922,ok
CreditMinAdapt,4,uniform,0.005,314,37.9097,36.9533,16.605,0.005016,0.100734,ok
CreditMinAdapt,4,uniform,0.005,17,38.9444,37.951,17.6152,0.004781,0.095969,ok
CreditMinAdapt,4,uniform,0.01,42,43.7127,41.6003,18.9544,0.009734,0.195391,ok
CreditMinAdapt,4,uniform,0.01,1337,44.1209,41.8529,19.434,0.009562,0.191609,ok
CreditMinAdapt,4,uniform,0.01,2024,44.7119,41.874,19.5236,0.009547,0.191766,ok
CreditMinAdapt,4,uniform,0.01,314,43.7094,41.1781,18.9258,0.009984,0.201141,ok
DDDQN,16,transpose,0.04,314,561.786,220.538,168.99,0.011414,0.23184,ok
CreditMinAdapt,4,uniform,0.01,17,43.4058,41.7565,19.4773,0.009625,0.193297,ok
CreditMinAdapt,4,uniform,0.02,42,62.4545,52.5123,24.465,0.019703,0.396297,ok
CreditMinAdapt,4,uniform,0.02,1337,60.2972,51.7704,24.1008,0.019156,0.384422,ok
CreditMinAdapt,4,uniform,0.02,2024,64.8636,55.0287,25.7693,0.020125,0.403484,ok
CreditMinAdapt,4,uniform,0.02,314,62.9599,53.4451,25.2022,0.019422,0.390891,ok
CreditMinAdapt,4,uniform,0.02,17,65.8715,55.9951,26.4582,0.019281,0.387125,ok
CreditMinAdapt,4,uniform,0.04,42,425.941,82.1635,42.2025,0.031531,0.635094,ok
CreditMinAdapt,4,uniform,0.04,1337,351.929,79.732,40.1844,0.032297,0.651188,ok
CreditMinAdapt,4,uniform,0.04,2024,413.08,83.1324,43.1251,0.032219,0.647984,ok
CreditMinAdapt,4,uniform,0.04,314,412.263,80.4765,41.0236,0.032266,0.649531,ok
CreditMinAdapt,4,uniform,0.04,17,401.497,81.5506,42.1788,0.031813,0.639969,ok
CreditMinAdapt,4,uniform,0.08,42,611.198,81.5779,41.4836,0.0325,0.658656,ok
CreditMinAdapt,4,uniform,0.08,1337,606.258,79.3601,39.7329,0.032281,0.655,ok
CreditMinAdapt,4,uniform,0.08,2024,591.9,83.628,43.246,0.0315,0.639875,ok
CreditMinAdapt,4,uniform,0.08,314,608.246,83.2573,42.7555,0.031938,0.646719,ok
CreditMinAdapt,4,hotspot,0.005,42,494.823,393.293,317.515,0.003094,0.062203,ok
CreditMinAdapt,4,hotspot,0.005,1337,311.268,268.794,211.355,0.003031,0.062,ok
CreditMinAdapt,4,uniform,0.08,17,590.537,80.4995,41.0164,0.032844,0.665844,ok
CreditMinAdapt,4,hotspot,0.005,2024,399.245,296.643,237.828,0.003063,0.062156,ok
CreditMinAdapt,4,hotspot,0.005,314,359.357,303.01,241.288,0.003063,0.061969,ok
CreditMinAdapt,4,hotspot,0.01,42,534.031,419.773,347.341,0.003031,0.061937,ok
CreditMinAdapt,4,hotspot,0.005,17,445.545,325.677,257.059,0.003094,0.062203,ok
CreditMinAdapt,4,hotspot,0.01,2024,542.449,404.735,322.746,0.003063,0.062156,ok
CreditMinAdapt,4,hotspot,0.01,1337,553.206,410.041,323.406,0.003031,0.062,ok
DDDQN,16,transpose,0.04,17,569.069,220.053,168.425,0.01152,0.233369,ok
CreditMinAdapt,4,hotspot,0.01,17,480.485,408.557,329.107,0.003031,0.061906,ok
CreditMinAdapt,4,hotspot,0.01,314,596.495,415.278,326.403,0.003031,0.062,ok
CreditMinAdapt,4,hotspot,0.02,42,763.825,421.784,337.139,0.003031,0.062,ok
CreditMinAdapt,4,hotspot,0.02,1337,752.276,439.918,367.981,0.003063,0.062312,ok
CreditMinAdapt,4,hotspot,0.02,2024,721.99,450.639,371.895,0.003031,0.062062,ok
CreditMinAdapt,4,hotspot,0.02,314,772.103,424.753,342.675,0.003031,0.062,ok
CreditMinAdapt,4,hotspot,0.04,42,874.98,469.49,386.513,0.003063,0.062,ok
CreditMinAdapt,4,hotspot,0.02,17,710.082,438.825,353.855,0.003031,0.061906,ok
CreditMinAdapt,4,hotspot,0.04,1337,896.704,465.551,375.862,0.003063,0.062312,ok
CreditMinAdapt,4,hotspot,0.04,314,862.01,461.897,377.57,0.003031,0.061719,ok
CreditMinAdapt,4,hotspot,0.04,2024,893.337,414.551,338.16,0.003063,0.062062,ok
CreditMinAdapt,4,hotspot,0.08,42,954.52,472.204,391.562,0.003063,0.062125,ok
CreditMinAdapt,4,hotspot,0.04,17,896.071,455.755,368.95,0.003063,0.062,ok
CreditMinAdapt,4,hotspot,0.08,1337,942.66,446.454,374.927,0.003031,0.062312,ok
CreditMinAdapt,4,hotspot,0.08,2024,930.175,485.526,405.527,0.003031,0.06225,ok
CreditMinAdapt,4,hotspot,0.08,314,941.536,481.66,382.265,0.003031,0.06225,ok
CreditMinAdapt,4,hotspot,0.08,17,953.429,454.959,365.392,0.003063,0.062312,ok
CreditMinAdapt,4,transpose,0.005,1337,37.2712,36.6046,16.9191,0.004781,0.096172,ok
CreditMinAdapt,4,transpose,0.005,42,36.5623,35.5176,16.025,0.004891,0.098078,ok
CreditMinAdapt,4,transpose,0.005,2024,36.6863,35.6699,16.207,0.004781,0.095906,ok
CreditMinAdapt,4,transpose,0.005,17,36.9052,35.866,16.3083,0.004781,0.096016,ok
CreditMinAdapt,4,transpose,0.005,314,37.0218,35.8723,16.4789,0.004984,0.100656,ok
CreditMinAdapt,4,transpose,0.01,42,40.0097,37.8502,17.5148,0.009703,0.195094,ok
CreditMinAdapt,4,transpose,0.01,1337,38.7096,36.6248,16.5592,0.009578,0.191812,ok
CreditMinAdapt,4,transpose,0.01,2024,40.3534,38.1954,17.4088,0.009594,0.192172,ok
CreditMinAdapt,4,transpose,0.01,314,39.8203,37.5453,17.1345,0.01,0.200984,ok
CreditMinAdapt,4,transpose,0.01,17,39.6548,37.4473,17.2821,0.009641,0.193562,ok
CreditMinAdapt,4,transpose,0.02,42,53.0173,42.4583,19.5413,0.019813,0.397703,ok
CreditMinAdapt,4,transpose,0.02,1337,49.0462,41.8792,19.3413,0.01925,0.385813,ok
CreditMinAdapt,4,transpose,0.02,2024,50.3308,42.4129,19.3637,0.020125,0.403391,ok
CreditMinAdapt,4,transpose,0.02,314,50.8688,43.0525,19.8724,0.019563,0.392516,ok
CreditMinAdapt,4,transpose,0.02,17,49.1683,41.7994,18.9768,0.019297,0.387313,ok
CreditMinAdapt,4,transpose,0.04,42,294.667,57.6432,26.9283,0.036406,0.732578,ok
CreditMinAdapt,4,transpose,0.04,1337,260.793,56.6812,26.2746,0.036172,0.727187,ok
CreditMinAdapt,4,transpose,0.04,2024,253.877,59.5101,27.5144,0.036484,0.731953,ok
CreditMinAdapt,4,transpose,0.08,42,513.289,59.0319,27.5103,0.039156,0.791156,ok
DDDQN,16,transpose,0.08,42,755.4,212.29,161.393,0.012291,0.249414,ok
CreditMinAdapt,4,transpose,0.08,1337,489.308,58.2557,27.0235,0.039594,0.801094,ok
CreditMinAdapt,4,transpose,0.04,314,248.796,57.8673,26.8529,0.035953,0.72275,ok
CreditMinAdapt,4,transpose,0.08,2024,494.731,58.6456,27.1958,0.0395,0.796,ok
CreditMinAdapt,4,transpose,0.04,17,257.499,57.1457,26.7432,0.036687,0.738453,ok
CreditMinAdapt,4,transpose,0.08,314,495.139,59.7118,28.115,0.039469,0.797,ok
CreditMinAdapt,4,transpose,0.08,17,505.455,58.6545,27.2651,0.03925,0.793687,ok
CreditMinAdapt,8,uniform,0.005,42,54.5065,53.6092,30.7092,0.004828,0.097031,ok
CreditMinAdapt,8,uniform,0.005,1337,54.0008,52.8855,30.2285,0.004875,0.097617,ok
CreditMinAdapt,8,uniform,0.005,2024,54.6868,53.6457,30.6948,0.00484,0.097238,ok
CreditMinAdapt,8,uniform,0.005,314,55.6514,54.3004,31.0041,0.004941,0.099031,ok
CreditMinAdapt,8,uniform,0.005,17,53.2075,52.0863,29.7956,0.004703,0.094305,ok
DDDQN,16,transpose,0.08,1337,742.13,209.99,159.508,0.012248,0.248521,ok
CreditMinAdapt,8,uniform,0.01,42,68.7522,65.3944,36.1732,0.00982,0.197375,ok
DDDQN,16,transpose,0.08,2024,743.818,211.014,160.615,0.012258,0.248549,ok
CreditMinAdapt,8,uniform,0.01,2024,68.8815,65.5296,36.2912,0.009883,0.198727,ok
CreditMinAdapt,8,uniform,0.01,1337,67.7861,65.2467,36.1597,0.009504,0.190762,ok
CreditMinAdapt,8,uniform,0.01,314,70.9441,67.2442,37.5988,0.009844,0.197977,ok
DDDQN,16,transpose,0.08,17,742.161,210.275,160.021,0.012178,0.247031,ok
CreditMinAdapt,8,uniform,0.01,17,67.4704,64.3424,35.778,0.009516,0.191312,ok
DDDQN,16,transpose,0.08,314,737.767,212.825,162.469,0.012225,0.247898,ok
CreditMinAdapt,8,uniform,0.04,42,505.816,149.155,101.185,0.019258,0.390094,ok
CreditMinAdapt,8,uniform,0.04,1337,511.378,151.801,103.995,0.018836,0.380961,ok
CreditMinAdapt,8,uniform,0.04,2024,511.243,149.093,101.932,0.019164,0.388617,ok
CreditMinAdapt,8,uniform,0.02,1337,219.665,121.736,78.9202,0.018199,0.366531,ok
CreditMinAdapt,8,uniform,0.02,42,259.091,123.759,80.878,0.018484,0.372504,ok
CreditMinAdapt,8,uniform,0.04,314,521.073,153.721,105.234,0.019,0.385766,ok
CreditMinAdapt,8,uniform,0.04,17,528.514,153.104,105.077,0.019281,0.392531,ok
CreditMinAdapt,8,uniform,0.02,2024,282.685,127.349,83.3928,0.018594,0.374328,ok
CreditMinAdapt,8,uniform,0.08,42,764.126,151.727,103.31,0.019367,0.392914,ok
CreditMinAdapt,8,uniform,0.02,314,219.137,118.991,79.8137,0.018207,0.367398,ok
CreditMinAdapt,8,hotspot,0.005,42,704.798,600.515,516.125,0.000773,0.015531,ok
CreditMinAdapt,8,hotspot,0.005,1337,651.062,571.292,495.422,0.00075,0.015453,ok
CreditMinAdapt,8,hotspot,0.005,2024,656.691,587.454,521.7,0.000758,0.015453,ok
CreditMinAdapt,8,hotspot,0.005,314,627.639,550.907,458.48,0.000758,0.0155,ok
CreditMinAdapt,8,uniform,0.02,17,219.417,118.031,75.8,0.018336,0.36943,ok
CreditMinAdapt,8,hotspot,0.005,17,664.367,559.459,476.183,0.000766,0.015445,ok
CreditMinAdapt,8,hotspot,0.01,42,778.816,578.98,486.506,0.000766,0.015531,ok
CreditMinAdapt,8,uniform,0.08,1337,758.498,150.835,103.013,0.019586,0.398242,ok
CreditMinAdapt,8,uniform,0.08,2024,756.854,155.333,106.977,0.019328,0.392773,ok
CreditMinAdapt,8,uniform,0.08,314,758.822,152.87,104.564,0.019531,0.396602,ok
CreditMinAdapt,8,hotspot,0.01,1337,741.418,566.449,483.87,0.000766,0.015508,ok
CreditMinAdapt,8,hotspot,0.01,2024,736.625,556.615,494.879,0.00075,0.015453,ok
CreditMinAdapt,8,hotspot,0.01,314,801.286,652.582,569.314,0.000766,0.015461,ok
CreditMinAdapt,8,hotspot,0.01,17,799.433,618.021,540.153,0.000758,0.015469,ok
CreditMinAdapt,8,hotspot,0.02,42,873.49,619.156,532.07,0.00075,0.015531,ok
CreditMinAdapt,8,hotspot,0.02,1337,865.194,575.082,499.349,0.000766,0.015578,ok
CreditMinAdapt,8,uniform,0.08,17,769.387,156.066,107.254,0.019141,0.388492,ok
CreditMinAdapt,8,hotspot,0.02,2024,829.917,613.667,549.651,0.00075,0.015516,ok
CreditMinAdapt,8,hotspot,0.02,314,876.979,630.649,565.32,0.000758,0.015469,ok
CreditMinAdapt,8,hotspot,0.02,17,884.835,681.577,581.357,0.000758,0.015445,ok
CreditMinAdapt,8,hotspot,0.04,1337,930.582,656.327,563.009,0.000766,0.015578,ok
CreditMinAdapt,8,hotspot,0.04,42,952.283,649.758,554.055,0.000773,0.015531,ok
CreditMinAdapt,8,hotspot,0.04,314,962.0,644.398,549.943,0.000766,0.015555,ok
CreditMinAdapt,8,hotspot,0.04,17,957.724,590.694,492.285,0.000766,0.015406,ok
CreditMinAdapt,8,hotspot,0.04,2024,946.845,634.247,552.016,0.000758,0.015516,ok
CreditMinAdapt,8,hotspot,0.08,1337,997.268,620.856,535.561,0.000758,0.01525,ok
CreditMinAdapt,8,hotspot,0.08,2024,988.184,641.337,547.826,0.000766,0.015531,ok
CreditMinAdapt,8,hotspot,0.08,42,989.01,620.469,532.044,0.000766,0.015531,ok
CreditMinAdapt,8,hotspot,0.08,314,982.711,623.33,551.097,0.000758,0.015523,ok
CreditMinAdapt,8,hotspot,0.08,17,969.227,533.948,465.17,0.000758,0.015578,ok
CreditMinAdapt,8,transpose,0.005,42,54.3108,53.289,30.23,0.004852,0.097238,ok
CreditMinAdapt,8,transpose,0.005,1337,53.9016,52.5808,29.9896,0.004879,0.097641,ok
CreditMinAdapt,8,transpose,0.005,2024,54.2969,53.1384,30.6878,0.004855,0.097172,ok
CreditMinAdapt,8,transpose,0.005,17,52.3744,51.3735,29.5714,0.004695,0.094102,ok
CreditMinAdapt,8,transpose,0.005,314,53.5083,52.5408,29.91,0.004934,0.099215,ok
CreditMinAdapt,8,transpose,0.01,42,64.3345,61.6905,34.3322,0.009813,0.197621,ok
CreditMinAdapt,8,transpose,0.01,1337,63.0538,60.0197,33.5447,0.009512,0.190801,ok
CreditMinAdapt,8,transpose,0.01,2024,63.7303,60.5418,33.3979,0.009895,0.198746,ok
CreditMinAdapt,8,transpose,0.01,314,66.3476,62.8207,35.2129,0.009879,0.198219,ok
CreditMinAdapt,8,transpose,0.01,17,63.9428,60.9886,33.9582,0.009555,0.191754,ok
CreditMinAdapt,8,transpose,0.04,42,394.112,125.588,82.8908,0.021367,0.433125,ok
CreditMinAdapt,8,transpose,0.04,1337,396.906,128.545,85.6211,0.021125,0.428398,ok
CreditMinAdapt,8,transpose,0.04,2024,398.122,126.065,83.3706,0.021523,0.436836,ok
CreditMinAdapt,8,transpose,0.04,314,391.531,125.557,83.49,0.021336,0.43307,ok
CreditMinAdapt,8,transpose,0.04,17,392.176,126.121,83.946,0.021313,0.432328,ok
CreditMinAdapt,8,transpose,0.08,42,660.85,122.02,80.7393,0.022805,0.462352,ok
CreditMinAdapt,8,transpose,0.02,2024,383.058,118.193,76.3754,0.018,0.362605,ok
CreditMinAdapt,8,transpose,0.02,42,343.103,116.766,76.6291,0.018004,0.363129,ok
CreditMinAdapt,8,transpose,0.02,1337,311.56,112.477,73.7545,0.017594,0.354906,ok
CreditMinAdapt,8,transpose,0.02,314,343.776,114.966,75.8662,0.017602,0.354867,ok
CreditMinAdapt,8,transpose,0.02,17,334.176,117.239,75.2971,0.017664,0.3555,ok
CreditMinAdapt,8,transpose,0.08,1337,646.794,122.513,81.0144,0.02293,0.464367,ok
CreditMinAdapt,8,transpose,0.08,2024,649.424,123.459,82.007,0.022922,0.464531,ok
CreditMinAdapt,8,transpose,0.08,314,643.875,121.696,80.36,0.023023,0.46668,ok
CreditMinAdapt,8,transpose,0.08,17,645.877,123.714,82.0907,0.022898,0.463383,ok
CreditMinAdapt,16,uniform,0.005,42,90.742,89.3398,59.1097,0.004869,0.097928,ok
CreditMinAdapt,16,uniform,0.005,1337,91.5507,90.2693,59.7076,0.004866,0.097793,ok
CreditMinAdapt,16,uniform,0.005,2024,90.6621,89.2721,59.2876,0.004787,0.096242,ok
CreditMinAdapt,16,uniform,0.005,314,91.4791,90.0578,59.5318,0.004859,0.097829,ok
CreditMinAdapt,16,uniform,0.005,17,89.9735,88.5882,58.6947,0.004834,0.09719,ok
CreditMinAdapt,16,uniform,0.02,42,517.982,359.897,309.552,0.006344,0.127639,ok
CreditMinAdapt,16,uniform,0.02,2024,489.376,343.437,293.653,0.006215,0.124814,ok
CreditMinAdapt,16,uniform,0.02,1337,480.077,338.766,290.69,0.006701,0.1349,ok
CreditMinAdapt,16,uniform,0.02,17,443.576,323.728,274.855,0.005506,0.110215,ok
CreditMinAdapt,16,uniform,0.02,314,449.078,330.733,281.796,0.005477,0.109945,ok
CreditMinAdapt,16,uniform,0.04,42,532.231,347.285,300.319,0.004707,0.09435,ok
CreditMinAdapt,16,uniform,0.01,2024,280.304,238.276,191.368,0.008723,0.175521,ok
CreditMinAdapt,16,uniform,0.01,42,276.202,231.125,184.821,0.008688,0.174781,ok
CreditMinAdapt,16,uniform,0.04,1337,652.721,408.617,356.472,0.005236,0.105057,ok
CreditMinAdapt,16,uniform,0.04,2024,631.801,367.65,316.702,0.005805,0.116598,ok
CreditMinAdapt,16,uniform,0.01,17,266.841,226.077,179.879,0.008814,0.177474,ok
CreditMinAdapt,16,uniform,0.01,314,294.538,245.444,198.475,0.00867,0.174355,ok
CreditMinAdapt,16,uniform,0.01,1337,246.642,217.283,171.667,0.008747,0.176276,ok
CreditMinAdapt,16,uniform,0.04,314,631.841,364.982,314.706,0.005881,0.118256,ok
CreditMinAdapt,16,hotspot,0.005,42,793.598,731.557,665.665,0.000189,0.003885,ok
CreditMinAdapt,16,hotspot,0.005,1337,813.289,753.691,673.06,0.000189,0.003861,ok
CreditMinAdapt,16,uniform,0.04,17,591.277,370.358,320.702,0.004932,0.098785,ok
CreditMinAdapt,16,uniform,0.08,42,795.319,423.158,370.826,0.005965,0.120039,ok
CreditMinAdapt,16,hotspot,0.005,2024,839.474,776.196,696.378,0.000189,0.003859,ok
CreditMinAdapt,16,hotspot,0.005,314,754.134,685.247,608.958,0.000189,0.003871,ok
CreditMinAdapt,16,hotspot,0.005,17,836.103,771.485,700.485,0.000189,0.003852,ok
CreditMinAdapt,16,hotspot,0.01,1337,853.124,747.124,680.518,0.000189,0.003863,ok
CreditMinAdapt,16,hotspot,0.01,42,853.612,785.0,706.663,0.000191,0.003887,ok
CreditMinAdapt,16,hotspot,0.01,2024,858.392,732.165,638.605,0.000189,0.003877,ok
CreditMinAdapt,16,uniform,0.08,1337,760.673,411.3,359.581,0.005611,0.11273,ok
CreditMinAdapt,16,uniform,0.08,314,602.471,345.371,296.536,0.004512,0.09043,ok
CreditMinAdapt,16,hotspot,0.01,314,895.52,768.449,685.67,0.000191,0.003861,ok
CreditMinAdapt,16,uniform,0.08,2024,708.054,380.312,330.353,0.005207,0.104602,ok
CreditMinAdapt,16,uniform,0.08,17,705.888,389.763,336.609,0.00507,0.101752,ok
CreditMinAdapt,16,hotspot,0.01,17,884.32,780.33,675.276,0.000189,0.003885,ok
CreditMinAdapt,16,hotspot,0.02,42,965.898,821.857,701.461,0.000191,0.003887,ok
CreditMinAdapt,16,hotspot,0.02,1337,963.804,784.412,686.31,0.000189,0.003863,ok
CreditMinAdapt,16,hotspot,0.02,314,954.66,795.825,735.97,0.000189,0.003873,ok
CreditMinAdapt,16,hotspot,0.02,2024,940.66,784.093,694.355,0.000189,0.003877,ok
CreditMinAdapt,16,hotspot,0.02,17,934.01,803.133,710.254,0.000191,0.003893,ok
CreditMinAdapt,16,hotspot,0.04,42,984.253,784.414,683.671,0.000193,0.003889,ok
CreditMinAdapt,16,hotspot,0.04,1337,966.673,755.622,664.283,0.000191,0.003873,ok
CreditMinAdapt,16,hotspot,0.04,2024,940.43,728.172,677.052,0.000182,0.003779,ok
CreditMinAdapt,16,hotspot,0.04,314,977.265,780.663,694.215,0.000191,0.003879,ok
CreditMinAdapt,16,hotspot,0.04,17,949.443,741.526,636.469,0.000189,0.003891,ok
CreditMinAdapt,16,hotspot,0.08,1337,1003.15,778.724,687.507,0.000191,0.003879,ok
CreditMinAdapt,16,hotspot,0.08,42,1003.97,752.825,670.683,0.000189,0.003791,ok
CreditMinAdapt,16,hotspot,0.08,2024,1000.95,793.806,686.735,0.000191,0.003881,ok
CreditMinAdapt,16,hotspot,0.08,314,979.186,796.722,709.849,0.000189,0.003887,ok
CreditMinAdapt,16,hotspot,0.08,17,968.773,713.701,649.523,0.000189,0.003895,ok
CreditMinAdapt,16,transpose,0.005,42,95.378,93.7513,62.1153,0.004865,0.097835,ok
CreditMinAdapt,16,transpose,0.005,2024,93.555,92.0212,60.7423,0.004784,0.096267,ok
CreditMinAdapt,16,transpose,0.005,1337,95.1786,93.6123,61.9227,0.00486,0.097806,ok
CreditMinAdapt,16,transpose,0.005,314,94.8029,93.344,61.9268,0.004875,0.097902,ok
CreditMinAdapt,16,transpose,0.005,17,96.9207,95.3894,63.5285,0.004821,0.097142,ok
CreditMinAdapt,16,transpose,0.02,42,411.497,231.46,176.707,0.009893,0.201104,ok
CreditMinAdapt,16,transpose,0.02,1337,405.0,234.386,180.489,0.009758,0.198186,ok
CreditMinAdapt,16,transpose,0.02,2024,413.77,230.855,177.4,0.0099,0.201246,ok
CreditMinAdapt,16,transpose,0.01,1337,318.333,230.568,178.626,0.008221,0.165724,ok
CreditMinAdapt,16,transpose,0.01,42,338.275,233.678,181.645,0.00832,0.16766,ok
CreditMinAdapt,16,transpose,0.01,2024,335.127,233.844,181.682,0.008312,0.167491,ok
CreditMinAdapt,16,transpose,0.01,314,337.944,235.837,183.061,0.008282,0.166875,ok
CreditMinAdapt,16,transpose,0.01,17,330.17,232.424,180.676,0.00825,0.166359,ok
CreditMinAdapt,16,transpose,0.02,17,417.388,236.394,182.599,0.009787,0.19891,ok
CreditMinAdapt,16,transpose,0.02,314,408.506,233.902,179.974,0.009879,0.200537,ok
CreditMinAdapt,16,transpose,0.04,42,563.292,219.312,167.055,0.011566,0.234529,ok
CreditMinAdapt,16,transpose,0.04,2024,558.875,217.671,166.729,0.011613,0.235693,ok
CreditMinAdapt,16,transpose,0.04,1337,550.1,216.073,164.947,0.011578,0.234824,ok
CreditMinAdapt,16,transpose,0.04,314,561.786,220.538,168.99,0.011414,0.23184,ok
CreditMinAdapt,16,transpose,0.04,17,569.069,220.053,168.425,0.01152,0.233369,ok
CreditMinAdapt,16,transpose,0.08,42,755.4,212.29,161.393,0.012291,0.249414,ok
CreditMinAdapt,16,transpose,0.08,1337,742.13,209.99,159.508,0.012248,0.248521,ok
CreditMinAdapt,16,transpose,0.08,2024,743.818,211.014,160.615,0.012258,0.248549,ok
CreditMinAdapt,16,transpose,0.08,314,737.767,212.825,162.469,0.012225,0.247898,ok
CreditMinAdapt,16,transpose,0.08,17,742.161,210.275,160.021,0.012178,0.247031,ok
